SALE TYPE,SOLD DATE,PROPERTY TYPE,ADDRESS,CITY,STATE OR PROVINCE,ZIP OR POSTAL CODE,PRICE,BEDS,BATHS,LOCATION,SQUARE FEET,LOT SIZE,YEAR BUILT,DAYS ON MARKET,$/SQUARE FEET,HOA/MONTH,STATUS,NEXT OPEN HOUSE START TIME,NEXT OPEN HOUSE END TIME,URL (SEE https://www.redfin.com/buy-a-home/comparative-market-analysis FOR INFO ON PRICING),SOURCE,MLS#,FAVORITE,INTERESTED,LATITUDE,LONGITUDE
"In accordance with local MLS rules, some MLS listings are not included in the download"
MLS Listing,,Single Family Residential,252 County House Rd,Cottontown,TN,37048,950000,3,3.0,Fox Acres,3196,101059,2006,5,297,,Active,March-16-2024 12:00 PM,March-16-2024 02:00 PM,https://www.redfin.com/TN/Cottontown/252-County-House-Rd-37048/home/92227686,REALTRACS as Distributed by MLS Grid,2624531,N,Y,36.4607044,-86.5431049
MLS Listing,,Single Family Residential,607 Wassil Dr,Gallatin,TN,37066,660000,5,4.5,Meadow Glen At Fairway Farms Sec 2,3208,9583,2020,60,206,,Active,,,https://www.redfin.com/TN/Gallatin/607-Wassil-Dr-37066/home/170541931,REALTRACS as Distributed by MLS Grid,2609460,N,Y,36.3977242,-86.4851035
MLS Listing,,Single Family Residential,100 Valley Dr,Hendersonville,TN,37075,459700,3,1.5,Creekwood Sec 3B,1862,20037,1979,1,247,,Active,,,https://www.redfin.com/TN/Hendersonville/100-Valley-Dr-37075/home/92252302,REALTRACS as Distributed by MLS Grid,2629097,N,Y,36.3341932,-86.6049786
MLS Listing,,Single Family Residential,308 Brinkley Ln,White House,TN,37188,625000,3,2.0,White House,1997,204732,1978,1,313,,Active,,,https://www.redfin.com/TN/White-House/308-Brinkley-Ln-37188/home/92239237,REALTRACS as Distributed by MLS Grid,2621904,N,Y,36.4724358,-86.6431404
MLS Listing,,Single Family Residential,110 Grapevine Rd,Hendersonville,TN,37075,,3,1.5,Colonial Acres Sec 7,1538,14810,1978,1,,,Active,,,https://www.redfin.com/TN/Hendersonville/110-Grapevine-Rd-37075/home/92252874,REALTRACS as Distributed by MLS Grid,2628880,N,Y,36.3262281,-86.604427
MLS Listing,,Single Family Residential,1015 Kellyn Ln,Hendersonville,TN,37075,619900,4,3.5,Victoria Place Ph 1,3000,20037,2003,4,207,,Active,,,https://www.redfin.com/TN/Hendersonville/1015-Kellyn-Ln-37075/home/60777940,REALTRACS as Distributed by MLS Grid,2623930,N,Y,36.3719029,-86.631309
MLS Listing,,Single Family Residential,638 Wade Cir,Goodlettsville,TN,37072,325000,3,1.5,Terra View,1178,12632,1948,4,276,,Active,,,https://www.redfin.com/TN/Goodlettsville/638-Wade-Cir-37072/home/108019883,REALTRACS as Distributed by MLS Grid,2628119,N,Y,36.3070747,-86.7000721
MLS Listing,,Single Family Residential,300 Upper Station Camp Creek Rd,Gallatin,TN,37066,499500,3,2.5,Creekbank,1979,86248,1976,4,252,,Active,,,https://www.redfin.com/TN/Gallatin/300-Upper-Station-Camp-Crk-Rd-37066/home/92244684,REALTRACS as Distributed by MLS Grid,2627822,N,Y,36.391789,-86.560084
MLS Listing,,Single Family Residential,226 Lake Terrace Dr,Hendersonville,TN,37075,2999900,4,4.5,Cherokee Woods Sec 7,5562,38768,1964,4,539,,Active,,,https://www.redfin.com/TN/Hendersonville/226-Lake-Terrace-Dr-37075/home/87517234,REALTRACS as Distributed by MLS Grid,2627784,N,Y,36.2721467,-86.5936405
MLS Listing,,Single Family Residential,354 Rosebrook Dr NE,Gallatin,TN,37066,470000,3,3.0,Lori Lee Estates,2183,33541,1980,4,215,,Active,,,https://www.redfin.com/TN/Gallatin/354-Rosebrook-Dr-37066/home/92253546,REALTRACS as Distributed by MLS Grid,2624598,N,Y,36.335299,-86.5080438
MLS Listing,,Single Family Residential,1209 Sylvia Dr,Madison,TN,37115,349000,3,1.5,Oakwood,1100,9147,1981,5,317,,Active,,,https://www.redfin.com/TN/Madison/1209-Sylvia-Dr-37115/home/108047473,REALTRACS as Distributed by MLS Grid,2626607,N,Y,36.2791171,-86.7032926
MLS Listing,,Single Family Residential,3120 New Hope Rd,Hendersonville,TN,37075,6250000,2,3.0,hiddenvalleyacres,4232,900820,1987,5,1477,,Active,,,https://www.redfin.com/TN/Hendersonville/3120-New-Hope-Rd-37075/home/190050858,REALTRACS as Distributed by MLS Grid,2627482,N,Y,36.4134435,-86.6308562
MLS Listing,,Single Family Residential,3675 Tyree Springs Rd,Cottontown,TN,37048,674900,3,2.5,Betty Durham Propert,3095,61419,1994,6,218,,Active,March-17-2024 02:00 PM,March-17-2024 04:00 PM,https://www.redfin.com/TN/Cottontown/3675-Tyree-Springs-Rd-37048/home/92240552,REALTRACS as Distributed by MLS Grid,2625997,N,Y,36.4374277,-86.6472738
MLS Listing,,Single Family Residential,142 Cherokee Rd,Hendersonville,TN,37075,1499000,3,2.0,Cherokee Woods Sec,2640,31798,1971,6,568,,Active,,,https://www.redfin.com/TN/Hendersonville/142-Cherokee-Rd-37075/home/92258346,REALTRACS as Distributed by MLS Grid,2626539,N,Y,36.2972269,-86.6071257
MLS Listing,,Single Family Residential,100 Keeton Ave,Old Hickory,TN,37138,349500,3,1.0,Rayon City,1000,4356,1930,6,350,,Active,,,https://www.redfin.com/TN/Old-Hickory/100-Keeton-Ave-37138/home/108073831,REALTRACS as Distributed by MLS Grid,2627005,N,Y,36.2694716,-86.6650474
MLS Listing,,Single Family Residential,216 Cima Dr,Goodlettsville,TN,37072,725000,8,4.0,Clark Place,2761,48787,1959,6,263,,Active,,,https://www.redfin.com/TN/Goodlettsville/216-Cima-Dr-37072/home/108030513,REALTRACS as Distributed by MLS Grid,2626999,N,Y,36.3098046,-86.7101375
MLS Listing,,Single Family Residential,1399 Saundersville Rd,Hendersonville,TN,37075,399900,3,2.0,James R Cox Prop,1652,44866,1961,7,242,,Active,,,https://www.redfin.com/TN/Hendersonville/1399-Saundersville-Rd-37075/home/92252677,REALTRACS as Distributed by MLS Grid,2626562,N,Y,36.3408768,-86.5605966
MLS Listing,,Single Family Residential,2606 Long Hollow Pike,Hendersonville,TN,37075,549900,4,2.5,Clendening Manor Sec,2778,38332,1992,7,198,,Active,,,https://www.redfin.com/TN/Hendersonville/2606-Long-Hollow-Pike-37075/home/92245831,REALTRACS as Distributed by MLS Grid,2626523,N,Y,36.3802598,-86.5898474
MLS Listing,,Single Family Residential,912 Robinson Rd,Old Hickory,TN,37138,558980,4,2.0,The Knoll,2254,13939,1959,7,248,,Active,,,https://www.redfin.com/TN/Old-Hickory/912-Robinson-Rd-37138/home/60671291,REALTRACS as Distributed by MLS Grid,2626426,N,Y,36.2638191,-86.6628692
MLS Listing,,Single Family Residential,135 Stonehouse Dr,Gallatin,TN,37066,549900,3,2.5,Grandview Estates Sec,2604,15681,1989,8,211,,Active,March-17-2024 02:00 PM,March-17-2024 04:00 PM,https://www.redfin.com/TN/Gallatin/135-Stonehouse-Dr-37066/home/60675636,REALTRACS as Distributed by MLS Grid,2624911,N,Y,36.4113119,-86.4176432
MLS Listing,,Single Family Residential,820 Spencer Ave,Gallatin,TN,37066,325000,3,1.5,Longview Est Sec 1,1406,14374,1963,8,231,,Active,,,https://www.redfin.com/TN/Gallatin/820-Spencer-Ave-37066/home/92247184,REALTRACS as Distributed by MLS Grid,2626264,N,Y,36.3758942,-86.4468595
MLS Listing,,Single Family Residential,103 Nauta Ct,Hendersonville,TN,37075,375000,3,1.0,Oakvale Sec 3B,1144,9147,1969,8,328,,Active,,,https://www.redfin.com/TN/Hendersonville/103-Nauta-Ct-37075/home/92255450,REALTRACS as Distributed by MLS Grid,2626191,N,Y,36.3102544,-86.6183326
MLS Listing,,Single Family Residential,548 Peach Valley Rd,Gallatin,TN,37066,524999,3,2.0,Burnley Prop,2344,45302,2007,8,224,,Active,,,https://www.redfin.com/TN/Gallatin/548-Peach-Valley-Rd-37066/home/87519690,REALTRACS as Distributed by MLS Grid,2626091,N,Y,36.3490753,-86.4646024
MLS Listing,,Single Family Residential,129 Brookview Cir,Goodlettsville,TN,37072,415000,4,2.0,Willow Creek Resub-W,1809,27007,1997,9,229,,Active,,,https://www.redfin.com/TN/Goodlettsville/129-Brookview-Cir-37072/home/92245085,REALTRACS as Distributed by MLS Grid,2625604,N,Y,36.3764692,-86.7282578
MLS Listing,,Single Family Residential,206 Hunters Ln,Hendersonville,TN,37075,750000,5,3.5,Oak Springs,3746,40075,1987,9,200,,Active,,,https://www.redfin.com/TN/Hendersonville/206-Hunters-Ln-37075/home/60745129,REALTRACS as Distributed by MLS Grid,2625964,N,Y,36.3951323,-86.583167
MLS Listing,,Single Family Residential,1843G Garrison Branch Rd,Cottontown,TN,37048,849900,3,2.5,Cottontown,2192,322779,2020,10,388,,Active,,,https://www.redfin.com/TN/Cottontown/1843-G-Garrison-Branch-Rd-37048/home/186312191,REALTRACS as Distributed by MLS Grid,2625601,N,Y,36.4350419,-86.6005653
MLS Listing,,Single Family Residential,1126 Sunset Dr,Gallatin,TN,37066,1199000,3,3.0,Five Coves Sec 1,3034,43560,1972,11,395,,Active,,,https://www.redfin.com/TN/Gallatin/1126-Sunset-Dr-37066/home/92260235,REALTRACS as Distributed by MLS Grid,2616387,N,Y,36.2975448,-86.5346428
MLS Listing,,Single Family Residential,121 Sain Ave,Hendersonville,TN,37075,415000,3,1.5,Harbor Hills Sec 1,2000,22651,1962,11,208,,Active,,,https://www.redfin.com/TN/Hendersonville/121-Sain-Ave-37075/home/92262043,REALTRACS as Distributed by MLS Grid,2625468,N,Y,36.2513108,-86.6122272
MLS Listing,,Single Family Residential,1126 Lakewood Dr,Gallatin,TN,37066,500000,5,3.0,Lakewood Est,2149,31798,1977,11,233,,Active,,,https://www.redfin.com/TN/Gallatin/1126-Lakewood-Dr-37066/home/92248511,REALTRACS as Distributed by MLS Grid,2625412,N,Y,36.3669927,-86.390784
MLS Listing,,Single Family Residential,519 Keeton Ave,Old Hickory,TN,37138,329900,4,1.0,Swinging Bridge Heights,1350,13939,1960,11,244,,Active,,,https://www.redfin.com/TN/Old-Hickory/519-Keeton-Ave-37138/home/73915942,REALTRACS as Distributed by MLS Grid,2624306,N,Y,36.2789318,-86.6751672
MLS Listing,,Single Family Residential,553 Walton Ferry Rd,Hendersonville,TN,37075,414900,4,2.0,Panorama Harbor Sec,1450,14810,1962,11,286,,Active,,,https://www.redfin.com/TN/Hendersonville/553-Walton-Ferry-Rd-37075/home/87517469,REALTRACS as Distributed by MLS Grid,2625013,N,Y,36.2748763,-86.6239647
MLS Listing,,Single Family Residential,2028 Tinnin Rd,Goodlettsville,TN,37072,519999,3,2.0,Grizzard Manor,2580,73180,1976,11,202,,Active,,,https://www.redfin.com/TN/Goodlettsville/2028-Tinnin-Rd-37072/home/108029539,REALTRACS as Distributed by MLS Grid,2624990,N,Y,36.3732849,-86.7300459
MLS Listing,,Single Family Residential,1472 Valley Ridge Dr W,Gallatin,TN,37066,409900,4,2.0,Sunnymeade Sec 3,1940,25264,1980,11,211,,Active,,,https://www.redfin.com/TN/Gallatin/1472-Valley-Ridge-Dr-W-37066/home/92242979,REALTRACS as Distributed by MLS Grid,2624924,N,Y,36.4023471,-86.3933559
MLS Listing,,Single Family Residential,1724 Stop Thirty Rd,Hendersonville,TN,37075,834900,4,3.5,Arrowhead Sec 1,3340,40075,1987,11,250,,Active,,,https://www.redfin.com/TN/Hendersonville/1724-Stop-30-Rd-37075/home/92252619,REALTRACS as Distributed by MLS Grid,2624894,N,Y,36.3362431,-86.5863398
MLS Listing,,Single Family Residential,400 Donal Ter,White House,TN,37188,359900,3,2.0,Donal,1698,14810,1976,12,212,,Active,,,https://www.redfin.com/TN/White-House/400-Donal-Ter-37188/home/60729253,REALTRACS as Distributed by MLS Grid,2624882,N,Y,36.4531921,-86.6796598
MLS Listing,,Single Family Residential,315 Hunters Ln,Hendersonville,TN,37075,1149900,4,4.5,Leroy Smith Prop,3747,227818,2006,12,307,,Active,,,https://www.redfin.com/TN/Hendersonville/315-Hunters-Ln-37075/home/92228097,REALTRACS as Distributed by MLS Grid,2623247,N,Y,36.394824,-86.594956
MLS Listing,,Single Family Residential,107 Hickerson St,Old Hickory,TN,37138,475000,3,2.5,Old Hickory,1848,14374,2018,12,257,,Active,,,https://www.redfin.com/TN/Old-Hickory/107-Hickerson-St-37138/home/144499664,REALTRACS as Distributed by MLS Grid,2624867,N,Y,36.2763198,-86.6710833
MLS Listing,,Single Family Residential,110 Stuart Dr,Hendersonville,TN,37075,565000,4,2.0,Point O View,3000,31363,1971,12,188,,Active,March-17-2024 02:00 PM,March-17-2024 04:00 PM,https://www.redfin.com/TN/Hendersonville/110-Stuart-Dr-37075/home/92259108,REALTRACS as Distributed by MLS Grid,2624812,N,Y,36.291262,-86.5899657
MLS Listing,,Single Family Residential,127 Coles Ferry Rd,Gallatin,TN,37066,218000,2,1.0,Carter S/D,844,10454,1935,12,258,,Active,,,https://www.redfin.com/TN/Gallatin/127-Coles-Ferry-Rd-37066/home/92247021,REALTRACS as Distributed by MLS Grid,2624613,N,Y,36.3730996,-86.4381241
MLS Listing,,Single Family Residential,106 Marseille Dr,Hendersonville,TN,37075,475000,4,2.0,Imperial Park Sec 1,2150,23086,1967,12,221,,Active,,,https://www.redfin.com/TN/Hendersonville/106-Marseille-Dr-37075/home/92260820,REALTRACS as Distributed by MLS Grid,2623322,N,Y,36.2627921,-86.6111242
MLS Listing,,Single Family Residential,126 Brookview Dr,White House,TN,37188,625000,3,2.0,Pine Place,2302,20037,2009,13,272,,Active,,,https://www.redfin.com/TN/White-House/126-Brookview-Dr-37188/home/68848936,REALTRACS as Distributed by MLS Grid,2621769,N,Y,36.4659477,-86.6375499
MLS Listing,,Single Family Residential,239 Grandview Cir,Gallatin,TN,37066,679000,4,2.5,Grandview Estates-Se,2737,61419,2016,13,248,,Active,,,https://www.redfin.com/TN/Gallatin/239-Grandview-Cir-37066/home/92264969,REALTRACS as Distributed by MLS Grid,2620071,N,Y,36.4130283,-86.4206685
MLS Listing,,Single Family Residential,114 River Rd,Hendersonville,TN,37075,485000,4,3.0,River Road,1628,24393,1962,14,298,,Active,,,https://www.redfin.com/TN/Hendersonville/114-River-Rd-37075/home/92257521,REALTRACS as Distributed by MLS Grid,2623573,N,Y,36.2993569,-86.6429829
MLS Listing,,Single Family Residential,809 Highland Dr,White House,TN,37188,495000,3,3.0,Northwoods Phase 7 S,2567,11761,1999,14,193,,Active,,,https://www.redfin.com/TN/White-House/809-Highland-Dr-37188/home/60789238,REALTRACS as Distributed by MLS Grid,2623947,N,Y,36.445242,-86.664768
MLS Listing,,Single Family Residential,210 Beechbrook Ct,White House,TN,37188,364900,3,2.0,Beechbrook Estates,2025,15245,1995,14,180,,Active,,,https://www.redfin.com/TN/White-House/210-Beechbrook-Ct-37188/home/92240822,REALTRACS as Distributed by MLS Grid,2623729,N,Y,36.4503715,-86.6390854
MLS Listing,,Single Family Residential,625 Neals Ln,Gallatin,TN,37066,899000,3,3.0,1.84 Acres,2493,80150,1972,15,361,,Active,,,https://www.redfin.com/TN/Gallatin/625-Neals-Ln-37066/home/92244402,REALTRACS as Distributed by MLS Grid,2623544,N,Y,36.4030031,-86.524877
MLS Listing,,Single Family Residential,104 Knoll Ln,Hendersonville,TN,37075,500000,4,2.0,Cherokee Woods Sec 11-B,2254,27007,1977,17,222,,Active,,,https://www.redfin.com/TN/Hendersonville/104-Knoll-Ln-37075/home/92261184,REALTRACS as Distributed by MLS Grid,2623015,N,Y,36.2597173,-86.5937095
MLS Listing,,Single Family Residential,1037 S Brookside Dr,Gallatin,TN,37066,649000,3,2.5,Brookhaven Acres,2401,29620,1974,17,270,,Active,,,https://www.redfin.com/TN/Gallatin/1037-S-Brookside-Dr-37066/home/92254331,REALTRACS as Distributed by MLS Grid,2622900,N,Y,36.3181809,-86.5155434
MLS Listing,,Single Family Residential,1069 Pinehurst Dr,Gallatin,TN,37066,399900,3,2.0,Eagle Creek Sec 1-Ea,1455,11761,2000,17,275,,Active,,,https://www.redfin.com/TN/Gallatin/1069-Pinehurst-Dr-37066/home/92244091,REALTRACS as Distributed by MLS Grid,2622867,N,Y,36.3909189,-86.4792187
MLS Listing,,Single Family Residential,123 Hampton Pl,Gallatin,TN,37066,450000,4,3.0,Hamptons Sec A Resub,2901,14374,1994,18,155,,Active,,,https://www.redfin.com/TN/Gallatin/123-Hampton-Pl-37066/home/92242714,REALTRACS as Distributed by MLS Grid,2622326,N,Y,36.4035525,-86.425117
MLS Listing,,Single Family Residential,145 Hardaway Dr,Goodlettsville,TN,37072,515000,3,3.0,Gatewood,1985,14810,2023,19,259,,Active,,,https://www.redfin.com/TN/Goodlettsville/145-Hardaway-Dr-37072/home/87828425,REALTRACS as Distributed by MLS Grid,2622269,N,Y,36.2924263,-86.7166238
MLS Listing,,Single Family Residential,744 Northview Ave,Gallatin,TN,37066,219000,3,2.0,Gallatin,1134,8712,1945,19,193,,Active,,,https://www.redfin.com/TN/Gallatin/744-Northview-Ave-37066/home/68773740,REALTRACS as Distributed by MLS Grid,2621862,N,Y,36.4015513,-86.4430256
MLS Listing,,Single Family Residential,938 Tyree Springs Rd,White House,TN,37188,474900,3,2.5,Eva Carver Horner,2138,47044,1991,19,222,,Active,,,https://www.redfin.com/TN/White-House/938-Tyree-Springs-Rd-37188/home/92240633,REALTRACS as Distributed by MLS Grid,2621828,N,Y,36.4422118,-86.644715
MLS Listing,,Single Family Residential,418 Indian Lake Rd,Hendersonville,TN,37075,429000,4,2.0,Cherokee Woods Sec 6,1858,47916,1962,20,231,,Active,,,https://www.redfin.com/TN/Hendersonville/418-Indian-Lake-Rd-37075/home/92260525,REALTRACS as Distributed by MLS Grid,2621387,N,Y,36.2739524,-86.5883104
MLS Listing,,Single Family Residential,112 Valley Brook Dr,Hendersonville,TN,37075,650000,4,3.0,Indian Lake Forest S,3117,23522,1977,20,209,,Active,,,https://www.redfin.com/TN/Hendersonville/112-Valley-Brook-Dr-37075/home/87517359,REALTRACS as Distributed by MLS Grid,2619146,N,Y,36.2617818,-86.584448
MLS Listing,,Single Family Residential,904 Cleves St,Old Hickory,TN,37138,380000,3,1.5,Village Of Old Hickory,1080,5227,1927,20,352,,Active,,,https://www.redfin.com/TN/Old-Hickory/904-Cleves-St-37138/home/108121614,REALTRACS as Distributed by MLS Grid,2621494,N,Y,36.2614458,-86.6464373
MLS Listing,,Single Family Residential,176 S Palmers Chapel Rd,White House,TN,37188,774900,4,2.0,White House,1680,361548,2022,21,461,,Active,,,https://www.redfin.com/TN/White-House/176-S-Palmers-Chapel-Rd-37188/home/87511967,REALTRACS as Distributed by MLS Grid,2621321,N,Y,36.4468787,-86.6360995
MLS Listing,,Single Family Residential,206 Apache Trl,White House,TN,37188,334900,3,2.0,Indian Ridge,1262,11325,1995,21,265,,Active,,,https://www.redfin.com/TN/White-House/206-Apache-Trl-37188/home/87446247,REALTRACS as Distributed by MLS Grid,2621211,N,Y,36.4775926,-86.6569958
MLS Listing,,Single Family Residential,1513 Orleans Ct E,Gallatin,TN,37066,330000,3,2.0,Sunnymeade,1144,16988,1981,21,288,,Active,,,https://www.redfin.com/TN/Gallatin/1513-Orleans-Ct-E-37066/home/92242591,REALTRACS as Distributed by MLS Grid,2619861,N,Y,36.398013,-86.3911006
MLS Listing,,Single Family Residential,618 N Council Ave,Gallatin,TN,37066,419900,4,2.5,Lincoln Park,2059,,2023,22,204,,Active,,,https://www.redfin.com/TN/Gallatin/618-N-Council-Ave-37066/home/60854540,REALTRACS as Distributed by MLS Grid,2621037,N,Y,36.3982386,-86.4509698
MLS Listing,,Single Family Residential,1133 Bayview Dr,Gallatin,TN,37066,374900,3,2.0,Sunset Bay Resort,1301,25700,1980,24,288,,Active,,,https://www.redfin.com/TN/Gallatin/1133-Bayview-Dr-37066/home/68794820,REALTRACS as Distributed by MLS Grid,2620419,N,Y,36.3118316,-86.5066226
MLS Listing,,Single Family Residential,304 Oakdale Dr,White House,TN,37188,289000,3,2.0,Northwoods,1122,10018,1993,25,258,,Active,,,https://www.redfin.com/TN/White-House/304-Oakdale-Dr-37188/home/76580541,REALTRACS as Distributed by MLS Grid,2618722,N,Y,36.4467868,-86.6679356
MLS Listing,,Single Family Residential,1006 W Bobby Ct,Goodlettsville,TN,37072,419900,3,3.0,Marcie Mountain Mead,2080,11761,2001,25,202,,Active,,,https://www.redfin.com/TN/Goodlettsville/1006-W-Bobby-Ct-37072/home/92244805,REALTRACS as Distributed by MLS Grid,2620286,N,Y,36.3898724,-86.6946454
MLS Listing,,Single Family Residential,104 Moonlight Dr,Gallatin,TN,37066,3999999,4,6.0,Gallatin,7500,43560,2024,25,533,,Active,,,https://www.redfin.com/TN/Gallatin/104-Moonlight-Dr-37066/home/189717804,REALTRACS as Distributed by MLS Grid,2618806,N,Y,36.2970658,-86.5312709
MLS Listing,,Single Family Residential,1191 Blackshear Dr,Gallatin,TN,37066,440000,4,2.0,Leeland Hgts No 2-La,3016,27878,1959,25,146,,Active,,,https://www.redfin.com/TN/Gallatin/1191-Blackshear-Dr-37066/home/87513625,REALTRACS as Distributed by MLS Grid,2620143,N,Y,36.3698226,-86.4802456
MLS Listing,,Single Family Residential,1531 Williamson Rd,Goodlettsville,TN,37072,312500,2,1.0,Goodlettsville,1024,19602,2007,25,305,,Active,,,https://www.redfin.com/TN/Goodlettsville/1531-Williamson-Rd-37072/home/64360786,REALTRACS as Distributed by MLS Grid,2617358,N,Y,36.3816363,-86.7163094
MLS Listing,,Single Family Residential,102 Riverwood Dr,Hendersonville,TN,37075,950000,3,3.5,Hartzell Sub,2369,169884,2020,26,401,,Active,,,https://www.redfin.com/TN/Hendersonville/102-Riverwood-Dr-37075/home/87517949,REALTRACS as Distributed by MLS Grid,2619858,N,Y,36.252372,-86.615211
MLS Listing,,Single Family Residential,242 Edgemeade Dr,Madison,TN,37115,359900,3,1.0,Edgemeade Farm,1274,5662,1969,26,282,,Active,,,https://www.redfin.com/TN/Madison/242-Edgemeade-Dr-37115/home/87817766,REALTRACS as Distributed by MLS Grid,2619772,N,Y,36.2823717,-86.7030255
MLS Listing,,Single Family Residential,500 Hatten Track Rd S,Gallatin,TN,37066,460000,3,2.0,Hatten Track Heights,1774,23086,1925,26,259,,Active,,,https://www.redfin.com/TN/Gallatin/500-Hatten-Track-Rd-37066/home/60690303,REALTRACS as Distributed by MLS Grid,2619700,N,Y,36.4055548,-86.4534002
MLS Listing,,Single Family Residential,912 Morris Dr,Gallatin,TN,37066,436900,3,2.0,Jacobs Heights Sec 2,1531,13068,1987,26,285,,Active,,,https://www.redfin.com/TN/Gallatin/912-Morris-Dr-37066/home/92247809,REALTRACS as Distributed by MLS Grid,2619693,N,Y,36.3700924,-86.4693038
MLS Listing,,Single Family Residential,1127 Kimberly Dr,Goodlettsville,TN,37072,514900,3,2.5,Long Hollow Place Se,2831,14810,1996,26,182,,Active,,,https://www.redfin.com/TN/Goodlettsville/1127-Kimberly-Dr-37072/home/92250325,REALTRACS as Distributed by MLS Grid,2619556,N,Y,36.346144,-86.7042212
MLS Listing,,Single Family Residential,1079 Edgewater Cir,Gallatin,TN,37066,1139000,3,2.5,Station Camp Landing,2448,17424,1991,27,465,,Active,,,https://www.redfin.com/TN/Gallatin/1079-Edgewater-Cir-37066/home/60855789,REALTRACS as Distributed by MLS Grid,2619359,N,Y,36.3366025,-86.4969303
MLS Listing,,Single Family Residential,1136 Windsor Dr,Gallatin,TN,37066,1100000,4,3.5,Winston Pl Sub Sec,4188,77972,1974,28,263,,Active,,,https://www.redfin.com/TN/Gallatin/1136-Windsor-Dr-37066/home/87515512,REALTRACS as Distributed by MLS Grid,2619074,N,Y,36.3275597,-86.4848271
MLS Listing,,Single Family Residential,1402 Club Cir,Gallatin,TN,37066,434900,3,2.0,country club estates,1600,15245,2024,30,272,,Active,,,https://www.redfin.com/TN/Gallatin/1402-Club-Cir-37066/home/189674511,REALTRACS as Distributed by MLS Grid,2617459,N,Y,36.4042078,-86.4218772
MLS Listing,,Single Family Residential,542 Savely Dr,Hendersonville,TN,37075,305000,3,1.0,Oakvale Sec 2,975,12196,1969,32,313,,Active,,,https://www.redfin.com/TN/Hendersonville/542-Savely-Dr-37075/home/87515953,REALTRACS as Distributed by MLS Grid,2618275,N,Y,36.3120353,-86.6154967
MLS Listing,,Single Family Residential,116 Elnora Dr,Hendersonville,TN,37075,514900,3,3.0,Surfside Park Sec 2,2515,21780,1962,33,205,,Active,,,https://www.redfin.com/TN/Hendersonville/116-Elnora-Dr-37075/home/92260509,REALTRACS as Distributed by MLS Grid,2613517,N,Y,36.2742938,-86.6093121
MLS Listing,,Single Family Residential,213 Spring Valley Rd,Hendersonville,TN,37075,1170900,5,4.5,Raintree Est Sec 1,4354,130680,1976,33,269,,Active,,,https://www.redfin.com/TN/Hendersonville/213-Spring-Valley-Rd-37075/home/92252077,REALTRACS as Distributed by MLS Grid,2617500,N,Y,36.3460399,-86.5889016
MLS Listing,,Single Family Residential,164 Allen Dr,Hendersonville,TN,37075,499900,4,2.5,Maple Row Ests Sec,2560,16988,1986,34,195,,Active,,,https://www.redfin.com/TN/Hendersonville/164-Allen-Dr-37075/home/92258401,REALTRACS as Distributed by MLS Grid,2616119,N,Y,36.2970691,-86.5918573
MLS Listing,,Single Family Residential,526 Peach Valley Rd,Gallatin,TN,37066,494900,4,2.5,Leona Douglas Prop,2310,175546,1960,34,214,,Active,,,https://www.redfin.com/TN/Gallatin/526-Peach-Valley-Rd-37066/home/87515504,REALTRACS as Distributed by MLS Grid,2604114,N,Y,36.3464747,-86.4638517
MLS Listing,,Single Family Residential,705 Shun Pike,Cottontown,TN,37048,425000,3,1.5,Cottontown,2050,217800,1974,34,207,,Active,,,https://www.redfin.com/TN/Cottontown/705-Shun-Pike-37048/home/92239648,REALTRACS as Distributed by MLS Grid,2617043,N,Y,36.457994,-86.604431
MLS Listing,,Single Family Residential,114 Orchard Dr,Old Hickory,TN,37138,285000,2,1.0,Village Of Old Hickory,934,15681,1928,35,305,,Active,,,https://www.redfin.com/TN/Old-Hickory/114-Orchard-Dr-37138/home/68855791,REALTRACS as Distributed by MLS Grid,2616867,N,Y,36.2667338,-86.6490058
MLS Listing,,Single Family Residential,104 Tyree Springs Rd,White House,TN,37188,324999,3,2.0,Cassie Birdwell Prop,1312,9583,1998,36,248,,Active,,,https://www.redfin.com/TN/White-House/104-Tyree-Springs-Rd-37188/home/92239468,REALTRACS as Distributed by MLS Grid,2616447,N,Y,36.4672503,-86.6486318
MLS Listing,,Single Family Residential,1123 Langwood Dr,Gallatin,TN,37066,348000,3,1.5,Highland Park S/D No 2,1842,13068,1958,36,189,,Active,,,https://www.redfin.com/TN/Gallatin/1123-Langwood-Dr-37066/home/68859327,REALTRACS as Distributed by MLS Grid,2616445,N,Y,36.369709,-86.431671
MLS Listing,,Single Family Residential,779 Douglas Ln,Gallatin,TN,37066,1880000,4,3.5,Gallatin,7268,218235,2004,37,259,,Active,,,https://www.redfin.com/TN/Gallatin/779-Douglas-Ln-37066/home/87518373,REALTRACS as Distributed by MLS Grid,2616258,N,Y,36.4108235,-86.4883072
MLS Listing,,Single Family Residential,4343 Long Hollow Pike,Goodlettsville,TN,37072,395000,3,2.5,Long Hollow,2100,14374,1962,39,188,,Active,,,https://www.redfin.com/TN/Goodlettsville/4343-Long-Hollow-Pike-37072/home/60853502,REALTRACS as Distributed by MLS Grid,2615704,N,Y,36.3533468,-86.6715186
MLS Listing,,Single Family Residential,260 Township Dr,Hendersonville,TN,37075,339000,3,1.5,Hillwood 4-C Pt II,1053,10454,1982,39,322,,Active,,,https://www.redfin.com/TN/Hendersonville/260-Township-Dr-37075/home/92256906,REALTRACS as Distributed by MLS Grid,2615425,N,Y,36.3184664,-86.6381404
MLS Listing,,Single Family Residential,200B Rebecca Dr,Hendersonville,TN,37075,349900,3,2.0,Twin oaks,1288,,1986,40,272,,Active,,,https://www.redfin.com/TN/Hendersonville/200B-Rebecca-Dr-37075/home/92257921,REALTRACS as Distributed by MLS Grid,2614562,N,Y,36.2816218,-86.619187
MLS Listing,,Single Family Residential,117 Glenn Ave,Gallatin,TN,37066,359000,4,2.0,Longview Est Add 2,1300,10890,1960,40,276,,Active,,,https://www.redfin.com/TN/Gallatin/117-Glenn-Ave-37066/home/92247271,REALTRACS as Distributed by MLS Grid,2614702,N,Y,36.3731369,-86.4425833
MLS Listing,,Single Family Residential,1013 Monticello Pl,Gallatin,TN,37066,419999,4,2.5,Cairo Landing Ph 2,1940,16988,2018,40,216,,Active,,,https://www.redfin.com/TN/Gallatin/1013-Monticello-Pl-37066/home/60907865,REALTRACS as Distributed by MLS Grid,2614944,N,Y,36.3845578,-86.4054911
MLS Listing,,Single Family Residential,104 Roberta Dr,Hendersonville,TN,37075,389900,3,1.5,Delray Park,1550,17859,1973,41,252,,Active,,,https://www.redfin.com/TN/Hendersonville/104-Roberta-Dr-37075/home/92261735,REALTRACS as Distributed by MLS Grid,2614652,N,Y,36.2619029,-86.6261307
MLS Listing,,Single Family Residential,265 Rockland Rd,Hendersonville,TN,37075,199000,2,1.0,Hendersonville,650,22215,1945,44,306,,Active,,,https://www.redfin.com/TN/Hendersonville/265-Rockland-Rd-37075/home/92257511,REALTRACS as Distributed by MLS Grid,2613327,N,Y,36.3012517,-86.643488
MLS Listing,,Single Family Residential,1035 Carriage Hill Dr,Hendersonville,TN,37075,554900,3,2.5,Carriage Hills,2334,41817,1998,44,238,,Active,,,https://www.redfin.com/TN/Hendersonville/1035-Carriage-Hill-Dr-37075/home/68812388,REALTRACS as Distributed by MLS Grid,2613473,N,Y,36.3738039,-86.6110455
MLS Listing,,Single Family Residential,121 Collinwood Dr,Gallatin,TN,37066,760000,4,3.0,Grandview Estates Se,3250,17424,2022,44,234,,Active,,,https://www.redfin.com/TN/Gallatin/121-Collinwood-Dr-37066/home/92241967,REALTRACS as Distributed by MLS Grid,2613374,N,Y,36.414274,-86.4199567
MLS Listing,,Single Family Residential,113 Leota Dr,Hendersonville,TN,37075,385000,3,2.0,Panoroma Harbor Sec,2368,16117,1960,46,163,,Active,March-17-2024 01:00 PM,March-17-2024 03:00 PM,https://www.redfin.com/TN/Hendersonville/113-Leota-Dr-37075/home/87517528,REALTRACS as Distributed by MLS Grid,2613222,N,Y,36.2780786,-86.6212275
MLS Listing,,Single Family Residential,204 Far Away Hills Dr,Gallatin,TN,37066,575000,4,3.0,Far Away Hills Revis,2450,15245,2022,47,235,,Active,,,https://www.redfin.com/TN/Gallatin/204-Faraway-Hills-Dr-37066/home/87520268,REALTRACS as Distributed by MLS Grid,2612850,N,Y,36.4038936,-86.420273
MLS Listing,,Single Family Residential,2328 New Hope Rd,Hendersonville,TN,37075,718900,3,3.0,Hendersonville,3344,76665,2019,53,215,,Active,,,https://www.redfin.com/TN/Hendersonville/2328-New-Hope-Rd-37075/home/144079380,REALTRACS as Distributed by MLS Grid,2611160,N,Y,36.38517,-86.620488
MLS Listing,,Single Family Residential,1020 Woodmont Dr,Gallatin,TN,37066,419000,3,2.0,Lake Charland Est Se,1671,28314,1974,53,251,,Active,,,https://www.redfin.com/TN/Gallatin/1020-Woodmont-Dr-37066/home/92248624,REALTRACS as Distributed by MLS Grid,2610715,N,Y,36.3653364,-86.4713086
MLS Listing,,Single Family Residential,106 Lee Ct,Hendersonville,TN,37075,549000,4,3.0,Point O View Sec 1,2700,23522,1970,54,203,,Active,,,https://www.redfin.com/TN/Hendersonville/106-Lee-Ct-37075/home/92259048,REALTRACS as Distributed by MLS Grid,2611073,N,Y,36.2892363,-86.5871675
MLS Listing,,Single Family Residential,1010 Dillon Ln,Gallatin,TN,37066,1025000,4,3.5,Emerald Point Ph 4,4572,21780,2007,56,224,,Active,,,https://www.redfin.com/TN/Gallatin/1010-Dillon-Ln-37066/home/92230093,REALTRACS as Distributed by MLS Grid,2610542,N,Y,36.3123865,-86.5242653
MLS Listing,,Single Family Residential,1010 Margaret Dr,Hendersonville,TN,37075,484900,3,2.0,Lawson Pointe Sec 2,2056,14810,2004,59,236,,Active,,,https://www.redfin.com/TN/Hendersonville/1010-Margaret-Dr-37075/home/68791401,REALTRACS as Distributed by MLS Grid,2609848,N,Y,36.3393798,-86.6052346
MLS Listing,,Single Family Residential,200 Roscoe St,Goodlettsville,TN,37072,340000,3,1.5,Roscoe Place,1594,10454,1940,60,213,,Active,,,https://www.redfin.com/TN/Goodlettsville/200-Roscoe-St-37072/home/107992642,REALTRACS as Distributed by MLS Grid,2609576,N,Y,36.3174753,-86.7106879
MLS Listing,,Single Family Residential,162 Indian Lake Rd,Hendersonville,TN,37075,587900,3,2.0,Cherokee Woods Annex,2480,26136,1966,61,237,,Active,,,https://www.redfin.com/TN/Hendersonville/162-Indian-Lake-Rd-37075/home/87517228,REALTRACS as Distributed by MLS Grid,2609163,N,Y,36.298131,-86.5994625
MLS Listing,,Single Family Residential,4212 Long Hollow Pike,Goodlettsville,TN,37072,789000,3,2.5,Metzgar Estates,3007,101494,2008,61,262,,Active,,,https://www.redfin.com/TN/Goodlettsville/4212-Long-Hollow-Pike-37072/home/92250470,REALTRACS as Distributed by MLS Grid,2609346,N,Y,36.3599463,-86.6685258
MLS Listing,,Single Family Residential,237 Cummings Ln,Gallatin,TN,37066,1091250,4,3.0,V P Properties,4226,201682,2009,62,258,,Active,,,https://www.redfin.com/TN/Gallatin/237-Cummings-Ln-37066/home/92225633,REALTRACS as Distributed by MLS Grid,2608746,N,Y,36.420363,-86.52403
MLS Listing,,Single Family Residential,1008 Sweet Oak Rdg,Hendersonville,TN,37075,758998,3,3.0,Sweet Oak Ridge Sec,2747,43124,2024,65,276,,Active,,,https://www.redfin.com/TN/Hendersonville/1008-Sweet-Oak-Rdg-37075/home/60883954,REALTRACS as Distributed by MLS Grid,2607547,N,Y,36.431807,-86.604532
MLS Listing,,Single Family Residential,204A Alta Loma Rd,Nashville,TN,37207,424950,3,2.5,Alta Loma,1564,,2023,69,272,,Active,,,https://www.redfin.com/TN/Nashville/204A-Alta-Loma-RD-37207/home/188556719,REALTRACS as Distributed by MLS Grid,2605489,N,Y,36.29592005,-86.71045523
MLS Listing,,Single Family Residential,204B Alta Loma Rd,Madison,TN,37115,424950,3,2.5,Alta Loma,1564,,2023,69,272,,Active,,,https://www.redfin.com/TN/Madison/204-Alta-Loma-Rd-37115/home/60714986,REALTRACS as Distributed by MLS Grid,2605492,N,Y,36.2945346,-86.7064498
MLS Listing,,Single Family Residential,1713 Lake Grassland W,Gallatin,TN,37066,614700,3,2.0,South Grasslands-Ran,2459,40946,1985,72,250,,Active,,,https://www.redfin.com/TN/Gallatin/1713-Lake-Grassland-W-37066/home/67768653,REALTRACS as Distributed by MLS Grid,2605185,N,Y,36.309237,-86.526232
MLS Listing,,Single Family Residential,3016 New Hope Rd,Hendersonville,TN,37075,3295000,6,5.0,5.8 acres,3106,254390,1810,72,1061,,Active,,,https://www.redfin.com/TN/Hendersonville/3016-New-Hope-Rd-37075/home/92244500,REALTRACS as Distributed by MLS Grid,2604774,N,Y,36.410565,-86.632163
MLS Listing,,Single Family Residential,489 Cummings Ln,Gallatin,TN,37066,794000,2,2.5,Barry Smith Prop Sec 2,2528,130680,1995,76,314,,Active,,,https://www.redfin.com/TN/Gallatin/489-Cummings-Ln-37066/home/92241683,REALTRACS as Distributed by MLS Grid,2604238,N,Y,36.4226315,-86.5441897
MLS Listing,,Single Family Residential,216 Engel Ave,Goodlettsville,TN,37072,410000,4,3.0,Connell Estates,2241,41817,1981,78,183,,Active,,,https://www.redfin.com/TN/Goodlettsville/216-Engel-Ave-37072/home/108116972,REALTRACS as Distributed by MLS Grid,2600948,N,Y,36.3324973,-86.7249173
MLS Listing,,Single Family Residential,1829 Highway 31 W,White House,TN,37188,500000,3,1.0,2.04 areas,1556,88862,1958,84,321,,Active,,,https://www.redfin.com/TN/White-House/1829-Highway-31-W-37188/home/87449209,REALTRACS as Distributed by MLS Grid,2602780,N,Y,36.4266989,-86.6927577
MLS Listing,,Single Family Residential,7508 Bethel Rd,Goodlettsville,TN,37072,530000,4,3.0,Goodlettsville,3070,104108,1950,86,173,,Active,,,https://www.redfin.com/TN/Goodlettsville/7508-Bethel-Rd-37072/home/87284540,REALTRACS as Distributed by MLS Grid,2598990,N,Y,36.4135003,-86.7088794
MLS Listing,,Single Family Residential,5139 Slaters Creek Access Rd,Goodlettsville,TN,37072,799900,5,4.0,"Slaters Woods, Ph 1",3595,52141,2023,88,223,,Active,,,https://www.redfin.com/TN/Goodlettsville/5139-Slaters-Creek-Access-Rd-37072/home/87520652,REALTRACS as Distributed by MLS Grid,2601462,N,Y,36.3905028,-86.7171861
MLS Listing,,Single Family Residential,2576 Deer Creek Ln,White House,TN,37188,758999,4,3.0,Deer Creek Estates,3000,48787,2023,89,253,,Active,,,https://www.redfin.com/TN/White-House/2576-Deer-Creek-Ln-37188/home/87285693,REALTRACS as Distributed by MLS Grid,2601833,N,Y,36.443179,-86.695772
MLS Listing,,Single Family Residential,161 Graystone Dr,Gallatin,TN,37066,820000,4,3.5,Granview Ests Sec II,4249,93654,1987,89,193,,Active,,,https://www.redfin.com/TN/Gallatin/161-Graystone-Dr-37066/home/92241978,REALTRACS as Distributed by MLS Grid,2601576,N,Y,36.4142797,-86.4144992
MLS Listing,,Single Family Residential,157 Robinhood Cir,Hendersonville,TN,37075,439900,4,2.0,Sherwood Forest Sec,2583,22215,1965,94,170,,Active,,,https://www.redfin.com/TN/Hendersonville/157-Robinhood-Cir-37075/home/92261577,REALTRACS as Distributed by MLS Grid,2596242,N,Y,36.2676491,-86.6227832
MLS Listing,,Single Family Residential,111 Plumlee,Hendersonville,TN,37075,310000,2,1.0,Plumlee,1020,12196,1940,95,304,,Active,,,https://www.redfin.com/TN/Hendersonville/111-Plumlee-Dr-37075/home/92257731,REALTRACS as Distributed by MLS Grid,2600051,N,Y,36.2972378,-86.6247523
MLS Listing,,Single Family Residential,1312 Slaters Creek Rd,Goodlettsville,TN,37072,450000,2,1.5,Goodlettsville,1500,156816,1940,97,300,,Active,,,https://www.redfin.com/TN/Goodlettsville/1312-Slaters-Creek-Rd-37072/home/92245654,REALTRACS as Distributed by MLS Grid,2599520,N,Y,36.3859254,-86.7132235
MLS Listing,,Single Family Residential,515 Randolph Cir,Gallatin,TN,37066,274900,2,1.0,Vertress Terrace,1145,6969,1945,102,240,,Active,,,https://www.redfin.com/TN/Gallatin/515-Randolph-Cir-37066/home/87512768,REALTRACS as Distributed by MLS Grid,2597834,N,Y,36.3948002,-86.4546846
MLS Listing,,Single Family Residential,8280 Old Springfield Pike,Goodlettsville,TN,37072,349990,3,1.0,W H Tinnon,1104,31363,1980,103,317,,Active,,,https://www.redfin.com/TN/Goodlettsville/8280-Old-Springfield-Pike-37072/home/108099593,REALTRACS as Distributed by MLS Grid,2597629,N,Y,36.3699665,-86.7424428
MLS Listing,,Single Family Residential,810 Hart St,Gallatin,TN,37066,369900,3,2.0,Green Acres No 1,1915,16117,1960,103,193,,Active,,,https://www.redfin.com/TN/Gallatin/810-Hart-St-37066/home/92242954,REALTRACS as Distributed by MLS Grid,2596584,N,Y,36.3933221,-86.4262636
MLS Listing,,Single Family Residential,480 Moncrief Ave,Goodlettsville,TN,37072,1295000,4,2.5,Goodlettsville,3900,456944,1969,110,332,,Active,,,https://www.redfin.com/TN/Goodlettsville/480-Moncrief-Ave-37072/home/108050053,REALTRACS as Distributed by MLS Grid,2595302,N,Y,36.319555,-86.729508
MLS Listing,,Single Family Residential,113 Knob Cir,Hendersonville,TN,37075,1125000,3,3.0,Lakeshores Est Sec 1,3661,47916,1958,112,307,,Active,,,https://www.redfin.com/TN/Hendersonville/113-Knob-Cir-37075/home/60756804,REALTRACS as Distributed by MLS Grid,2595482,N,Y,36.2830854,-86.6067317
MLS Listing,,Single Family Residential,1921 Highway 25,Gallatin,TN,37066,1150000,3,2.5,Gallatin,3705,218235,2001,113,310,,Active,,,https://www.redfin.com/TN/Gallatin/1921-Highway-25-37066/home/92264694,REALTRACS as Distributed by MLS Grid,2594913,N,Y,36.429136,-86.52401
MLS Listing,,Single Family Residential,421 Portland Rd,White House,TN,37188,569950,3,2.0,White House,3210,100187,1976,114,178,,Active,,,https://www.redfin.com/TN/White-House/421-Portland-Rd-37188/home/92239233,REALTRACS as Distributed by MLS Grid,2592905,N,Y,36.4767812,-86.6400696
MLS Listing,,Single Family Residential,211 Engel Ave,Goodlettsville,TN,37072,424999,5,2.5,Connell Estates,3323,46173,1977,116,128,,Active,,,https://www.redfin.com/TN/Goodlettsville/211-Engel-Ave-37072/home/108077114,REALTRACS as Distributed by MLS Grid,2575649,N,Y,36.3332831,-86.7258212
MLS Listing,,Single Family Residential,1050 Lakeland Dr Unit 1050 & 1050A,Gallatin,TN,37066,1300000,4,4.5,Station Camp,5812,65340,1830,116,224,,Active,,,https://www.redfin.com/TN/Gallatin/1050-Lakeland-Dr-37066/unit-1050-1050A/home/188599889,REALTRACS as Distributed by MLS Grid,2594456,N,Y,36.3494411,-86.5233577
MLS Listing,,Single Family Residential,324 Collier Ln,Gallatin,TN,37066,824900,3,2.5,Gallatin,3403,43560,2018,120,242,,Active,,,https://www.redfin.com/TN/Gallatin/324-Collier-Ln-37066/home/167980844,REALTRACS as Distributed by MLS Grid,2593068,N,Y,36.432483,-86.503608
MLS Listing,,Single Family Residential,426 Rosehill Dr,Goodlettsville,TN,37072,949900,5,3.5,Ranchwood Estates,4234,87991,1979,120,224,,Active,,,https://www.redfin.com/TN/Goodlettsville/426-Rosehill-Dr-37072/home/108076278,REALTRACS as Distributed by MLS Grid,2592754,N,Y,36.312787,-86.7287098
MLS Listing,,Single Family Residential,523 Savely Dr,Hendersonville,TN,37075,304900,4,1.5,Oakvale Sec 3B,1242,8276,1972,123,245,,Active,,,https://www.redfin.com/TN/Hendersonville/523-Savely-Dr-37075/home/92257111,REALTRACS as Distributed by MLS Grid,2576272,N,Y,36.31157,-86.6169934
MLS Listing,,Single Family Residential,2851 New Hope Rd,Hendersonville,TN,37075,739777,4,3.0,,2850,218235,1795,123,260,,Active,,,https://www.redfin.com/TN/Hendersonville/2851-New-Hope-Rd-37075/home/60875182,REALTRACS as Distributed by MLS Grid,2592114,N,Y,36.4042467,-86.6342819
MLS Listing,,Single Family Residential,1050 Lakeland Dr,Gallatin,TN,37066,2300000,6,6.0,Station Camp,6940,126324,1830,125,331,,Active,,,https://www.redfin.com/TN/Gallatin/1050-Lakeland-Dr-37066/home/92249641,REALTRACS as Distributed by MLS Grid,2591619,N,Y,36.3494411,-86.5233577
MLS Listing,,Single Family Residential,1554 Latimer Ln,Hendersonville,TN,37075,3999999,6,4.5,9.1 acres,9146,396396,1974,126,437,,Active,,,https://www.redfin.com/TN/Hendersonville/1554-Latimer-Ln-37075/home/92244644,REALTRACS as Distributed by MLS Grid,2590811,N,Y,36.392248,-86.605602
MLS Listing,,Single Family Residential,560 Cumberland Hills Dr,Hendersonville,TN,37075,1450000,7,6.5,Cumberland Hills Sec,8744,133293,1984,137,166,,Active,,,https://www.redfin.com/TN/Hendersonville/560-Cumberland-Hills-Dr-37075/home/92259543,REALTRACS as Distributed by MLS Grid,2585878,N,Y,36.2926225,-86.5760641
MLS Listing,,Single Family Residential,467 Bryce Canyon Way,Gallatin,TN,37066,575000,4,3.5,Cumberland Place North,2419,13939,2018,142,238,,Active,,,https://www.redfin.com/TN/Gallatin/467-Bryce-Canyon-Way-37066/home/167984265,REALTRACS as Distributed by MLS Grid,2583832,N,Y,36.3346418,-86.4668544
MLS Listing,,Single Family Residential,1038 Hillview Dr,Hendersonville,TN,37075,979900,4,4.0,Hendersonville,3967,152460,1975,146,247,,Active,March-17-2024 02:00 PM,March-17-2024 04:00 PM,https://www.redfin.com/TN/Hendersonville/1038-Hillview-Dr-37075/home/87514963,REALTRACS as Distributed by MLS Grid,2581845,N,Y,36.346247,-86.576461
MLS Listing,,Single Family Residential,105 Cypress Ct,White House,TN,37188,434900,3,2.5,Northwoods Ph 7 Sec-,2490,8712,2000,149,175,,Active,,,https://www.redfin.com/TN/White-House/105-Cypress-Ct-37188/home/92240984,REALTRACS as Distributed by MLS Grid,2581791,N,Y,36.443805,-86.6669913
MLS Listing,,Single Family Residential,2975 Cages Bend Rd,Gallatin,TN,37066,2150000,4,4.0,Charles McDonald,5588,126324,2003,166,385,,Active,,,https://www.redfin.com/TN/Gallatin/2975-Cages-Bend-Rd-37066/home/92226429,REALTRACS as Distributed by MLS Grid,2572674,N,Y,36.2987159,-86.5232196
MLS Listing,,Single Family Residential,211 West Smith St,Gallatin,TN,37066,895000,3,2.5,Gallatin,3778,48787,1837,169,237,,Active,,,https://www.redfin.com/TN/Gallatin/211-W-Smith-St-37066/home/187607534,REALTRACS as Distributed by MLS Grid,2573487,N,Y,36.3859007,-86.449468
MLS Listing,,Single Family Residential,104 Anchor Dr,Hendersonville,TN,37075,549900,4,4.0,Hend Lakefront Est,2656,45738,1959,197,207,,Active,,,https://www.redfin.com/TN/Hendersonville/104-Anchor-Dr-37075/home/87521741,REALTRACS as Distributed by MLS Grid,2562589,N,Y,36.2940144,-86.6312303
MLS Listing,,Single Family Residential,119 Jones Dr,Goodlettsville,TN,37072,299000,3,2.5,Yager S/D,988,8712,2023,213,303,,Active,,,https://www.redfin.com/TN/Goodlettsville/119-Jones-Dr-37072/home/186490837,REALTRACS as Distributed by MLS Grid,2559052,N,Y,36.3200007,-86.7134432
MLS Listing,,Single Family Residential,911 Lake Park Dr,Gallatin,TN,37066,1249900,3,2.0,Lake Park,2322,43560,1955,256,538,,Active,,,https://www.redfin.com/TN/Gallatin/911-Lake-Park-Dr-37066/home/60847422,REALTRACS as Distributed by MLS Grid,2543268,N,Y,36.3435704,-86.4743207
MLS Listing,,Single Family Residential,2313 Spring Branch Dr,Madison,TN,37115,569900,4,3.0,North Hill Estates,2524,43560,1969,277,226,,Active,,,https://www.redfin.com/TN/Madison/2313-Spring-Branch-Dr-37115/home/108019993,REALTRACS as Distributed by MLS Grid,2513265,N,Y,36.302762,-86.6809776
MLS Listing,,Single Family Residential,230 Shady Ln,White House,TN,37188,450000,3,2.5,The Highlands Sec 3,2195,22215,1995,304,205,,Active,,,https://www.redfin.com/TN/White-House/230-Shady-Ln-37188/home/87446573,REALTRACS as Distributed by MLS Grid,2520786,N,Y,36.4774969,-86.6702177
MLS Listing,,Single Family Residential,121 Imperial Pt,Hendersonville,TN,37075,2300000,5,4.5,Imperial Point,4255,21780,2023,376,541,,Active,,,https://www.redfin.com/TN/Hendersonville/121-Imperial-Pt-37075/home/92260355,REALTRACS as Distributed by MLS Grid,2492902,N,Y,36.2674084,-86.6067514
MLS Listing,,Single Family Residential,158 Crawford Hill Rd,Goodlettsville,TN,37072,325000,3,2.0,Grove Park Phase 1,1900,13503,1994,525,171,,Active,March-18-2024 08:00 AM,March-18-2024 07:30 PM,https://www.redfin.com/TN/Goodlettsville/158-Crawford-Hill-Rd-37072/home/92244855,REALTRACS as Distributed by MLS Grid,2405929,N,Y,36.4014421,-86.6878906
MLS Listing,,Single Family Residential,1008 Center Point Rd Unit A-B,Hendersonville,TN,37075,800000,2,1.0,Hendersonville,1750,24829,1971,574,457,,Active,,,https://www.redfin.com/TN/Hendersonville/1008-Center-Point-Rd-37075/unit-A-B/home/180731523,REALTRACS as Distributed by MLS Grid,2417031,N,Y,36.3156343,-86.6625314
MLS Listing,,Single Family Residential,1006 Center Pt Unit A-B,Hendersonville,TN,37075,800000,2,1.0,Hendersonville,1750,24829,1971,575,457,,Active,,,https://www.redfin.com/TN/Hendersonville/1006-Center-Point-Rd-37075/unit-A-B/home/180709261,REALTRACS as Distributed by MLS Grid,2415707,N,Y,36.3152384,-86.6626964
New Construction Home,,Single Family Residential,391 Turfway Park,Gallatin,TN,37066,599900,4,2.5,Gallatin,2837,,2024,1,211,,Active,,,https://www.redfin.com/TN/Gallatin/391-Turfway-Park-37066/home/189040417,Zillow,532237D26A86,N,Y,36.3957786,-86.5455424
New Construction Home,,Single Family Residential,John T Alexander Blvd #159,Hendersonville,TN,37075,620715,4,3.0,Hendersonville,2634,,2024,1,236,,Active,,,https://www.redfin.com/TN/Hendersonville/159-John-T-Alexander-Blvd-37075/unit-159/home/190107887,Zillow,3FAAFA4CB4E9,N,Y,36.3521719,-86.57971
New Construction Home,,Single Family Residential,347 Van Conder Pl #58,Hendersonville,TN,37075,622864,4,3.0,Hendersonville,2732,,2024,1,228,,Active,,,https://www.redfin.com/TN/Hendersonville/347-Van-Conder-Pl-37075/unit-58/home/190107886,Zillow,583F92905B28,N,Y,36.3537059,-86.5771557
New Construction Home,,Single Family Residential,216 John T Alexander Blvd #145,Hendersonville,TN,37075,659659,4,3.5,Hendersonville,2944,,2024,1,224,,Active,,,https://www.redfin.com/TN/Hendersonville/216-John-T-Alexander-Blvd-37075/unit-145/home/190107879,Zillow,3A5DB13DBCC4,N,Y,36.3531413,-86.5767714
New Construction Home,,Single Family Residential,351 Van Conder Pl #59,Hendersonville,TN,37075,617250,4,3.0,Hendersonville,2634,,2024,1,234,,Active,,,https://www.redfin.com/TN/Hendersonville/351-Van-Conder-Pl-37075/unit-59/home/190107878,Zillow,01B8592C3CF5,N,Y,36.3536629,-86.5769615
New Construction Home,,Single Family Residential,343 Van Conder Pl #57,Hendersonville,TN,37075,678169,5,4.5,Hendersonville,3432,,2024,1,198,,Active,,,https://www.redfin.com/TN/Hendersonville/343-Van-Conder-Pl-37075/unit-57/home/190107877,Zillow,BD29D9A7D023,N,Y,36.3537489,-86.5773422
New Construction Home,,Single Family Residential,101 Cavalcade Loop,Gallatin,TN,37066,549990,4,2.5,Gallatin,2744,,2024,4,200,,Active,,,https://www.redfin.com/TN/Gallatin/101-Cavalcade-Loop-37066/home/190076535,Zillow,B8F1A9D714AB,N,Y,36.3926256,-86.5461668
New Construction Home,,Single Family Residential,320 Turfway Park,Gallatin,TN,37066,583600,4,2.5,Gallatin,2405,,2024,4,243,,Active,,,https://www.redfin.com/TN/Gallatin/320-Turfway-Park-37066/home/190076486,Zillow,951B0FA754AB,N,Y,36.3933867,-86.5465911
New Construction Home,,Single Family Residential,369 Brook Ave,White House,TN,37188,380000,3,2.5,White House,2025,,2024,5,188,,Active,,,https://www.redfin.com/TN/White-House/369-Brook-Ave-37188/home/190058650,Zillow,455A648DC636,N,Y,36.4609341,-86.6548618
New Construction Home,,Single Family Residential,324 Turfway Park,Gallatin,TN,37066,592925,5,3.0,Gallatin,2744,,2024,5,216,,Active,,,https://www.redfin.com/TN/Gallatin/324-Turfway-Park-37066/home/190048717,Zillow,6F24C2D74DA8,N,Y,36.3935111,-86.5465248
New Construction Home,,Single Family Residential,328 Turfway Park,Gallatin,TN,37066,579900,4,2.5,Gallatin,2405,,2024,5,241,,Active,,,https://www.redfin.com/TN/Gallatin/328-Turfway-Park-37066/home/190048716,Zillow,2733587E2364,N,Y,36.3936458,-86.5464777
New Construction Home,,Single Family Residential,316 Turfway Park,Gallatin,TN,37066,593000,5,3.0,Gallatin,2744,,2024,5,216,,Active,,,https://www.redfin.com/TN/Gallatin/316-Turfway-Park-37066/home/190048686,Zillow,37B743C44730,N,Y,36.3932389,-86.5466605
New Construction Home,,Single Family Residential,308 Turfway Park,Gallatin,TN,37066,575300,5,3.0,Gallatin,2405,,2024,5,239,,Active,,,https://www.redfin.com/TN/Gallatin/308-Turfway-Park-37066/home/190048680,Zillow,C0FE1EB67BC6,N,Y,36.3929033,-86.5465302
New Construction Home,,Single Family Residential,304 Turfway Park,Gallatin,TN,37066,591500,4,2.5,Gallatin,2744,,2024,5,216,,Active,,,https://www.redfin.com/TN/Gallatin/304-Turfway-Park-37066/home/190048662,Zillow,F59831AA4679,N,Y,36.3927936,-86.546432
New Construction Home,,Single Family Residential,344 Winston Way,Gallatin,TN,37066,414425,3,2.5,Gallatin,1933,,2024,8,214,,Active,,,https://www.redfin.com/TN/Gallatin/344-Winston-Way-37066/home/189996851,Zillow,034AAADF710E,N,Y,36.3932306,-86.4762715
New Construction Home,,Single Family Residential,387 Turfway Park,Gallatin,TN,37066,542290,4,3.0,Gallatin,2420,,2024,8,224,,Active,,,https://www.redfin.com/TN/Gallatin/387-Turfway-Park-37066/home/189974719,Zillow,471FA3B48EFC,N,Y,36.3956814,-86.5456613
New Construction Home,,Single Family Residential,5193 Cothron Dr,White House,TN,37188,337750,3,2.0,White House,1556,,2024,8,217,,Active,,,https://www.redfin.com/TN/White-House/5193-Cothron-Dr-37188/home/189974348,Zillow,5EFF3C5F65E6,N,Y,36.4605306,-86.6724651
New Construction Home,,Single Family Residential,5183 Cothron Dr,White House,TN,37188,321150,3,2.0,White House,1428,,2024,8,225,,Active,,,https://www.redfin.com/TN/White-House/5183-Cothron-Dr-37188/home/189974315,Zillow,AC62F1987309,N,Y,36.4605306,-86.6724651
New Construction Home,,Single Family Residential,2080 Mackinac Bnd,Gallatin,TN,37066,377990,3,2.5,Gallatin,1749,,2024,13,216,,Active,,,https://www.redfin.com/TN/Gallatin/2080-Mackinac-Bnd-37066/home/189792718,Zillow,0A373C1BF790,N,Y,36.414337,-86.4622009
New Construction Home,,Single Family Residential,1161 Linn Cove Ct,Gallatin,TN,37066,464990,4,2.5,Gallatin,2618,,2024,13,178,,Active,,,https://www.redfin.com/TN/Gallatin/1161-Linn-Cove-Ct-37066/home/189587297,Zillow,250926B239A5,N,Y,36.4123569,-86.4639216
New Construction Home,,Single Family Residential,1156 Linn Cove Ct,Gallatin,TN,37066,464990,4,2.5,Gallatin,2618,,2024,13,178,,Active,,,https://www.redfin.com/TN/Gallatin/1156-Linn-Cove-Ct-37066/home/188825193,Zillow,A27265216D37,N,Y,36.4122789,-86.4633568
New Construction Home,,Single Family Residential,2089 Mackinac Bnd,Gallatin,TN,37066,383990,4,2.5,Gallatin,1821,,2024,13,211,,Active,,,https://www.redfin.com/TN/Gallatin/2089-Mackinac-Bnd-37066/home/189924570,Zillow,CF2EE187DC56,N,Y,36.4146102,-86.4627587
New Construction Home,,Single Family Residential,104 Cryer Dr #151,Gallatin,TN,37066,622794,5,4.5,Gallatin,3501,,2024,20,178,,Active,,,https://www.redfin.com/TN/Gallatin/104-Cryer-Dr-37066/unit-151/home/189826800,Zillow,C910D2160B93,N,Y,36.3674722,-86.5337723
New Construction Home,,Single Family Residential,605 Single Creek Dr #393,White House,TN,37188,579804,4,3.0,White House,3043,,2024,20,191,,Active,,,https://www.redfin.com/TN/White-House/605-Single-Creek-Dr-37188/unit-393/home/189826799,Zillow,AC4EFA4CCFB9,N,Y,36.4528359,-86.6432823
New Construction Home,,Single Family Residential,103 Cryer Dr #101,Gallatin,TN,37066,594021,5,3.0,Gallatin,2630,,2024,20,226,,Active,,,https://www.redfin.com/TN/Gallatin/103-Cryer-Dr-37066/unit-101/home/189826385,Zillow,80DF2B95E7E6,N,Y,36.3671985,-86.5332363
New Construction Home,,Single Family Residential,809 Odell Dr #371,White House,TN,37188,599723,4,3.0,White House,3043,,2024,20,197,,Active,,,https://www.redfin.com/TN/White-House/809-Odell-Dr-37188/unit-371/home/189826384,Zillow,0E55A6485142,N,Y,36.4536135,-86.6441587
New Construction Home,,Single Family Residential,338 Van Conder Pl #176,Hendersonville,TN,37075,653747,4,3.5,Hendersonville,2944,,2024,20,222,,Active,,,https://www.redfin.com/TN/Hendersonville/338-Van-Conder-Pl-37075/unit-176/home/189826382,Zillow,17A34DA420EB,N,Y,36.3532579,-86.5776684
New Construction Home,,Single Family Residential,805 Odell Dr #372,White House,TN,37188,602484,3,3.0,White House,2836,,2024,20,212,,Active,,,https://www.redfin.com/TN/White-House/805-Odell-Dr-37188/unit-372/home/189826119,Zillow,0B36EA6E6BB9,N,Y,36.4536292,-86.6444185
New Construction Home,,Single Family Residential,102 Cryer Dr #150,Gallatin,TN,37066,588299,4,3.0,Gallatin,2732,,2024,20,215,,Active,,,https://www.redfin.com/TN/Gallatin/102-Cryer-Dr-37066/unit-150/home/189826118,Zillow,E9ECED85BF8B,N,Y,36.3675553,-86.5336567
New Construction Home,,Single Family Residential,107 Cryer Dr #103,Gallatin,TN,37066,577589,4,3.0,Gallatin,2732,,2024,20,211,,Active,,,https://www.redfin.com/TN/Gallatin/107-Cryer-Dr-37066/unit-103/home/189826117,Zillow,D8431E602AFF,N,Y,36.3669951,-86.5335017
New Construction Home,,Single Family Residential,105 Cryer Dr #102,Gallatin,TN,37066,552096,4,3.0,Gallatin,2634,,2024,20,210,,Active,,,https://www.redfin.com/TN/Gallatin/105-Cryer-Dr-37066/unit-102/home/189826116,Zillow,E2AB9365C6E4,N,Y,36.3670896,-86.5333654
New Construction Home,,Single Family Residential,273 Brook Ave,White House,TN,37188,400000,3,2.0,White House,1702,,2024,26,235,,Active,,,https://www.redfin.com/TN/White-House/273-Brook-Ave-37188/home/186817385,Zillow,7ED005137B76,N,Y,36.4607431,-86.6506274
New Construction Home,,Single Family Residential,340 Winston Way,Gallatin,TN,37066,449890,4,2.5,Gallatin,2565,,2024,29,175,,Active,,,https://www.redfin.com/TN/Gallatin/340-Winston-Way-37066/home/189716827,Zillow,C8BB9F0F55CE,N,Y,36.3932889,-86.4764449
New Construction Home,,Single Family Residential,1141 Linn Cove Ct,Gallatin,TN,37066,429990,3,2.0,Gallatin,1868,,2024,39,230,,Active,,,https://www.redfin.com/TN/Gallatin/1141-Linn-Cove-Ct-37066/home/189562208,Zillow,03C49794D288,N,Y,36.4117269,-86.4638023
New Construction Home,,Single Family Residential,332 Winston Way,Gallatin,TN,37066,402550,3,2.0,Gallatin,1740,,2024,40,231,,Active,,,https://www.redfin.com/TN/Gallatin/332-Winston-Way-37066/home/189599389,Zillow,FECA20720342,N,Y,36.3934029,-86.4767904
New Construction Home,,Single Family Residential,352 Turfway Park,Gallatin,TN,37066,555000,5,3.0,Gallatin,2753,,2024,46,202,,Active,,,https://www.redfin.com/TN/Gallatin/352-Turfway-Park-37066/home/189035574,Zillow,D5B83D3D94E6,N,Y,36.3943224,-86.5461273
New Construction Home,,Single Family Residential,217 John T Alexander Blvd #175,Hendersonville,TN,37075,620199,4,3.5,Hendersonville,2670,,2024,69,232,,Active,,,https://www.redfin.com/TN/Hendersonville/217-John-T-Alexander-Blvd-37075/unit-175/home/189067298,Zillow,44CA8B71AFB5,N,Y,36.3532721,-86.5773155
New Construction Home,,Single Family Residential,335 Van Conder Pl #56,Hendersonville,TN,37075,613481,4,3.0,Hendersonville,2634,,2024,69,233,,Active,,,https://www.redfin.com/TN/Hendersonville/335-Van-Conder-Pl-37075/unit-56/home/189067008,Zillow,B6B20C46194A,N,Y,36.3536785,-86.5776978
New Construction Home,,Single Family Residential,212 John T Alexander Blvd #146,Hendersonville,TN,37075,610814,4,3.5,Hendersonville,2606,,2024,69,234,,Active,,,https://www.redfin.com/TN/Hendersonville/212-John-T-Alexander-Blvd-37075/unit-146/home/189066204,Zillow,09D2C5189D65,N,Y,36.3529491,-86.5767894
New Construction Home,,Single Family Residential,1008 Royal Gorge Pvt Ct,Gallatin,TN,37066,401990,3,2.0,Gallatin,1707,,2023,88,235,,Active,,,https://www.redfin.com/TN/Gallatin/1008-Royal-Gorge-Ct-37066/home/188542867,Zillow,9C4B3BB24922,N,Y,36.4048514,-86.4636389
New Construction Home,,Single Family Residential,1173 Stoney Brook Pvt Bnd,Gallatin,TN,37066,459990,4,2.0,Gallatin,1883,,2023,88,244,,Active,,,https://www.redfin.com/TN/Gallatin/1173-Stoney-Brook-Bnd-37066/home/188194695,Zillow,C919BBA57539,N,Y,36.4037935,-86.4639338
New Construction Home,,Single Family Residential,2301 Triple Crown Cir #79,Gallatin,TN,37066,505484,3,2.5,Gallatin,2301,,2023,125,220,,Active,,,https://www.redfin.com/TN/Gallatin/2301-Triple-Crown-Cir-37066/unit-79/home/188410234,Zillow,BFF9FDB14A3D,N,Y,36.38029861450195,-86.5091781616211
New Construction Home,,Single Family Residential,Green Lea Blvd,Gallatin,TN,37066,490395,3,2.5,Gallatin,2225,,2023,125,220,,Active,,,https://www.redfin.com/TN/Gallatin/Green-Lea-Blvd-37066/home/108291405,Zillow,FD19F1BDE4E3,N,Y,36.3715,-86.503
New Construction Plan,,Single Family Residential,The Cleveland Plan,Gallatin,TN,37066,369990,3,2.0,Gallatin,1646,,,1,225,,Active,,,https://www.redfin.com/TN/Gallatin/Gallatin/The-Cleveland/home/188572595,Zillow,87DF654A6DB4,N,Y,36.4163035,-86.4587366
New Construction Plan,,Single Family Residential,The Sutherland Plan,Gallatin,TN,37066,409990,3,2.5,Gallatin,2344,,,1,175,,Active,,,https://www.redfin.com/TN/Gallatin/Gallatin/The-Sutherland/home/188574108,Zillow,541937227619,N,Y,36.4163035,-86.4587366
New Construction Plan,,Single Family Residential,The Kirkland Plan,Gallatin,TN,37066,394990,3,2.5,Gallatin,2106,,,1,188,,Active,,,https://www.redfin.com/TN/Gallatin/Gallatin/The-Kirkland/home/188570758,Zillow,CBA4A355442E,N,Y,36.4163035,-86.4587366
New Construction Plan,,Single Family Residential,The Heartland Plan,Gallatin,TN,37066,379990,3,2.0,Gallatin,1765,,,1,215,,Active,,,https://www.redfin.com/TN/Gallatin/Gallatin/The-Heartland/home/188838513,Zillow,FF214C05E561,N,Y,36.4163035,-86.4587366
New Construction Plan,,Single Family Residential,The Roland Plan,Gallatin,TN,37066,419990,4,2.5,Gallatin,2305,,,1,182,,Active,,,https://www.redfin.com/TN/Gallatin/Gallatin/The-Roland/home/188838282,Zillow,C892DE204C4A,N,Y,36.4163035,-86.4587366
New Construction Plan,,Single Family Residential,The Willow B Plan,Gallatin,TN,37066,480900,3,2.5,Gallatin,2416,,,1,199,,Active,,,https://www.redfin.com/TN/Gallatin/Gallatin/The-Willow-B/home/188263664,Zillow,DA737CF0C4F7,N,Y,36.3946079,-86.5459118
New Construction Plan,,Single Family Residential,Morton Plan,Hendersonville,TN,37075,499900,3,2.5,Hendersonville,2176,,,8,230,,Active,,,https://www.redfin.com/TN/Hendersonville/Hendersonville/Morton/home/190005804,Zillow,9AC4BF92C691,N,Y,36.3553125,-86.5490309
New Construction Plan,,Single Family Residential,Bradley Plan,Hendersonville,TN,37075,572900,4,3.0,Hendersonville,2543,,,8,225,,Active,,,https://www.redfin.com/TN/Hendersonville/Hendersonville/Bradley/home/190005705,Zillow,B4FA49AD043F,N,Y,36.3553125,-86.5490309
New Construction Plan,,Single Family Residential,Henley Plan,Hendersonville,TN,37075,597900,3,2.5,Hendersonville,2645,,,8,226,,Active,,,https://www.redfin.com/TN/Hendersonville/Hendersonville/Henley/home/190005695,Zillow,1C35C2BE95D3,N,Y,36.3553125,-86.5490309
New Construction Plan,,Single Family Residential,Radnor Plan,Hendersonville,TN,37075,489900,3,2.0,Hendersonville,2052,,,8,239,,Active,,,https://www.redfin.com/TN/Hendersonville/Hendersonville/Radnor/home/190005688,Zillow,278425309622,N,Y,36.3553125,-86.5490309
New Construction Plan,,Single Family Residential,Billington Plan,Hendersonville,TN,37075,552900,3,2.5,Hendersonville,2463,,,8,224,,Active,,,https://www.redfin.com/TN/Hendersonville/Hendersonville/Billington/home/190005683,Zillow,485BAE958E97,N,Y,36.3553125,-86.5490309
New Construction Plan,,Single Family Residential,Cumberland Plan,Hendersonville,TN,37075,549900,3,2.5,Hendersonville,2178,,,8,252,,Active,,,https://www.redfin.com/TN/Hendersonville/Hendersonville/Cumberland/home/190005628,Zillow,D68E8FCD6A3C,N,Y,36.3553125,-86.5490309
New Construction Plan,,Single Family Residential,Garrison Plan,Hendersonville,TN,37075,560900,3,2.5,Hendersonville,2494,,,8,225,,Active,,,https://www.redfin.com/TN/Hendersonville/Hendersonville/Garrison/home/190005569,Zillow,7B6A4B41C122,N,Y,36.3553125,-86.5490309
New Construction Plan,,Single Family Residential,Sullivan Plan,Hendersonville,TN,37075,509900,3,2.5,Hendersonville,2205,,,8,231,,Active,,,https://www.redfin.com/TN/Hendersonville/Hendersonville/Sullivan/home/190005546,Zillow,F3220BD200AB,N,Y,36.3553125,-86.5490309
New Construction Plan,,Single Family Residential,Homes Available Soon Plan,Gallatin,TN,37066,,,,Gallatin,,,,10,,,Active,,,https://www.redfin.com/TN/Gallatin/Gallatin/Homes-Available-Soon/home/189971042,Zillow,3042080F8A35,N,Y,36.380411,-86.5092477
New Construction Plan,,Single Family Residential,CLIFTON Plan,Gallatin,TN,37066,419990,3,2.0,Gallatin,1796,,,13,234,,Active,,,https://www.redfin.com/TN/Gallatin/Gallatin/CLIFTON/home/189924525,Zillow,12F527AFF1F6,N,Y,36.4027032,-86.463026
New Construction Plan,,Single Family Residential,The Benson II Plan,Gallatin,TN,37066,374990,3,2.5,Gallatin,1813,,,18,207,,Active,,,https://www.redfin.com/TN/Gallatin/Gallatin/The-Benson-II/home/188263744,Zillow,6C61AFBAE2A5,N,Y,36.393103,-86.477423
New Construction Plan,,Single Family Residential,The Langford Plan,Gallatin,TN,37066,369990,3,2.0,Gallatin,1740,,,18,213,,Active,,,https://www.redfin.com/TN/Gallatin/Gallatin/The-Langford/home/188289799,Zillow,7D2CFB010B0A,N,Y,36.393103,-86.477423
New Construction Plan,,Single Family Residential,The Harrington Plan,Gallatin,TN,37066,404990,4,2.5,Gallatin,2565,,,18,158,,Active,,,https://www.redfin.com/TN/Gallatin/Gallatin/The-Harrington/home/188264921,Zillow,9D07EBC690A7,N,Y,36.393103,-86.477423
New Construction Plan,,Single Family Residential,The McGinnis Plan,Gallatin,TN,37066,394990,4,2.5,Gallatin,2372,,,18,167,,Active,,,https://www.redfin.com/TN/Gallatin/Gallatin/The-McGinnis/home/188264244,Zillow,5E753B2889BC,N,Y,36.393103,-86.477423
New Construction Plan,,Single Family Residential,The Caldwell Plan,Gallatin,TN,37066,392990,3,2.5,Gallatin,2231,,,18,176,,Active,,,https://www.redfin.com/TN/Gallatin/Gallatin/The-Caldwell/home/188290844,Zillow,87CC062D0A88,N,Y,36.393103,-86.477423
New Construction Plan,,Single Family Residential,The Manchester II Plan,Gallatin,TN,37066,372990,3,2.5,Gallatin,1743,,,18,214,,Active,,,https://www.redfin.com/TN/Gallatin/Gallatin/The-Manchester-II/home/188124891,Zillow,44567D49E840,N,Y,36.393103,-86.477423
New Construction Plan,,Single Family Residential,The Braselton II Plan,Gallatin,TN,37066,384990,3,2.5,Gallatin,1933,,,18,199,,Active,,,https://www.redfin.com/TN/Gallatin/Gallatin/The-Braselton-II/home/188263780,Zillow,19144072F18C,N,Y,36.393103,-86.477423
New Construction Plan,,Single Family Residential,The Piedmont Plan,Gallatin,TN,37066,359990,3,2.0,Gallatin,1501,,,18,240,,Active,,,https://www.redfin.com/TN/Gallatin/Gallatin/The-Piedmont/home/188263325,Zillow,47EF7C265790,N,Y,36.393103,-86.477423
New Construction Plan,,Single Family Residential,Homes Available Soon Plan,Goodlettsville,TN,37072,,,,Goodlettsville,,,,18,,,Active,,,https://www.redfin.com/TN/Goodlettsville/Goodlettsville/Homes-Available-Soon/home/189852918,Zillow,9CD60011E26C,N,Y,36.41424560546875,-86.71070861816406
New Construction Plan,,Single Family Residential,Homes Available Soon Plan,Gallatin,TN,37066,,,,Gallatin,,,,18,,,Active,,,https://www.redfin.com/TN/Gallatin/Gallatin/Homes-Available-Soon/home/189852864,Zillow,531696A6C728,N,Y,36.3919216,-86.4188666
New Construction Plan,,Single Family Residential,Satinwood Plan,Gallatin,TN,37066,453990,4,2.5,Gallatin,2676,,,33,170,,Active,,,https://www.redfin.com/TN/Gallatin/Gallatin/Satinwood/home/189675849,Zillow,3BFB23059FBE,N,Y,36.4085678,-86.461261
New Construction Plan,,Single Family Residential,The Henry A Plan,White House,TN,37188,394900,4,3.5,White House,2655,,,47,149,,Active,,,https://www.redfin.com/TN/White-House/White-House/The-Henry-A/home/188221986,Zillow,AA86C27F124E,N,Y,36.457564,-86.675607
New Construction Plan,,Single Family Residential,The Ash A Plan,Gallatin,TN,37066,504900,3,2.5,Gallatin,2417,,,47,209,,Active,,,https://www.redfin.com/TN/Gallatin/Gallatin/The-Ash-A/home/188276499,Zillow,42F3F33CA073,N,Y,36.3946079,-86.5459118
New Construction Plan,,Single Family Residential,The Grayson A Plan,White House,TN,37188,374900,3,2.5,White House,2278,,,47,165,,Active,,,https://www.redfin.com/TN/White-House/White-House/The-Grayson-A/home/188221997,Zillow,953007561EDF,N,Y,36.457564,-86.675607
New Construction Plan,,Single Family Residential,The Ridgeport Plan,Gallatin,TN,37066,526900,4,2.5,Gallatin,2882,,,47,183,,Active,,,https://www.redfin.com/TN/Gallatin/Gallatin/The-Ridgeport/home/188265116,Zillow,104394B6C1AB,N,Y,36.3946079,-86.5459118
New Construction Plan,,Single Family Residential,The Henry A Plan,Gallatin,TN,37066,514900,4,3.5,Gallatin,2655,,,47,194,,Active,,,https://www.redfin.com/TN/Gallatin/Gallatin/The-Henry-A/home/188277165,Zillow,4C7D3D51B6D0,N,Y,36.3946079,-86.5459118
New Construction Plan,,Single Family Residential,The Logan A Plan,White House,TN,37188,364900,3,2.5,White House,2155,,,47,169,,Active,,,https://www.redfin.com/TN/White-House/White-House/The-Logan-A/home/188221984,Zillow,E12CE0C9E23F,N,Y,36.457564,-86.675607
New Construction Plan,,Single Family Residential,The Franklin C Plan,White House,TN,37188,324900,3,2.0,White House,1556,,,47,209,,Active,,,https://www.redfin.com/TN/White-House/White-House/The-Franklin-C/home/188221991,Zillow,E9182925894B,N,Y,36.457564,-86.675607
New Construction Plan,,Single Family Residential,The Gordon A Plan,White House,TN,37188,349900,3,2.5,White House,1972,,,47,177,,Active,,,https://www.redfin.com/TN/White-House/White-House/The-Gordon-A/home/188221988,Zillow,A07B35C8F39D,N,Y,36.457564,-86.675607
New Construction Plan,,Single Family Residential,The Asheville C Plan,White House,TN,37188,309900,3,2.0,White House,1428,,,47,217,,Active,,,https://www.redfin.com/TN/White-House/White-House/The-Asheville-C/home/188221996,Zillow,B13FCC6EDB43,N,Y,36.457564,-86.675607
New Construction Plan,,Single Family Residential,The Murray B Plan,White House,TN,37188,384900,4,2.5,White House,2384,,,47,161,,Active,,,https://www.redfin.com/TN/White-House/White-House/The-Murray-B/home/188221983,Zillow,AF4D1376A872,N,Y,36.457564,-86.675607
New Construction Plan,,Single Family Residential,The Logan A Plan,Gallatin,TN,37066,464900,3,2.5,Gallatin,2155,,,47,216,,Active,,,https://www.redfin.com/TN/Gallatin/Gallatin/The-Logan-A/home/188278951,Zillow,1BF37FFAFD04,N,Y,36.3946079,-86.5459118
New Construction Plan,,Single Family Residential,Homes Available Soon Plan,White House,TN,37188,,,,White House,,,,76,,,Active,,,https://www.redfin.com/TN/White-House/White-House/Homes-Available-Soon/home/188409511,Zillow,B59DFD7398F1,N,Y,36.441396,-86.663576
New Construction Plan,,Single Family Residential,Homes Available Soon Plan,Hendersonville,TN,37075,,,,Hendersonville,,,,76,,,Active,,,https://www.redfin.com/TN/Hendersonville/Hendersonville/Homes-Available-Soon/home/188384553,Zillow,289B8DD76CB0,N,Y,36.3331449,-86.5793663
New Construction Plan,,Single Family Residential,Aspire Plan,Across From White House High White House,TN,37188,434990,3,2.5,Across From White House High White House,2260,,,89,192,,Active,,,https://www.redfin.com/TN/White-House/Across-From-White-House-High-White-House/Aspire/home/188912068,Zillow,7511619CD554,N,Y,36.460437,-86.6470946
New Construction Plan,,Single Family Residential,Murray Plan,White House,TN,37188,389990,3,2.5,White House,2358,,,90,165,,Active,,,https://www.redfin.com/TN/White-House/White-House/Murray/home/188912424,Zillow,EC898652CF6A,N,Y,36.460437,-86.6470946
New Construction Plan,,Single Family Residential,Hampton Plan,White House,TN,37188,454990,4,2.5,White House,2606,,,90,175,,Active,,,https://www.redfin.com/TN/White-House/White-House/Hampton/home/188912377,Zillow,96B34E8DD35C,N,Y,36.460437,-86.6470946
New Construction Plan,,Single Family Residential,Morgan Plan,White House,TN,37188,404990,3,2.0,White House,1702,,,90,238,,Active,,,https://www.redfin.com/TN/White-House/White-House/Morgan/home/188912297,Zillow,2C6E6F35BD04,N,Y,36.460437,-86.6470946
New Construction Plan,,Single Family Residential,Harris Plan,White House,TN,37188,377490,3,2.5,White House,2052,,,90,184,,Active,,,https://www.redfin.com/TN/White-House/White-House/Harris/home/188912214,Zillow,4A900573A43A,N,Y,36.460437,-86.6470946
New Construction Plan,,Single Family Residential,Hickory Plan,White House,TN,37188,484900,4,2.5,White House,2619,,,100,185,,Active,,,https://www.redfin.com/TN/White-House/White-House/Hickory/home/188268772,Zillow,2465A437CA7D,N,Y,36.4528175,-86.6464203
New Construction Plan,,Single Family Residential,Hamilton Plan,White House,TN,37188,468990,4,2.5,White House,1933,,,125,243,,Active,,,https://www.redfin.com/TN/White-House/White-House/Hamilton/home/188273380,Zillow,4F700C66EAE5,N,Y,36.4480194,-86.6455417
New Construction Plan,,Single Family Residential,Ashbury Plan,White House,TN,37188,458990,3,2.0,White House,1800,,,125,255,,Active,,,https://www.redfin.com/TN/White-House/White-House/Ashbury/home/188272148,Zillow,154C11E5521D,N,Y,36.4480194,-86.6455417
New Construction Plan,,Single Family Residential,Primrose Plan,White House,TN,37188,493990,4,2.5,White House,2155,,,125,229,,Active,,,https://www.redfin.com/TN/White-House/White-House/Primrose/home/188273302,Zillow,9DFC3E7A2A07,N,Y,36.4480194,-86.6455417
New Construction Plan,,Single Family Residential,Drayton Plan,White House,TN,37188,502900,4,2.5,White House,2958,,,125,170,,Active,,,https://www.redfin.com/TN/White-House/White-House/Drayton/home/188302065,Zillow,35A4F34A441E,N,Y,36.4528175,-86.6464203
New Construction Plan,,Single Family Residential,Winslow Plan,Hendersonville,TN,37075,554900,4,3.0,Hendersonville,2634,,,125,211,,Active,,,https://www.redfin.com/TN/Hendersonville/Hendersonville/Winslow/home/188421884,Zillow,D692716E67F7,N,Y,36.3511584,-86.5845662
New Construction Plan,,Single Family Residential,Pierce Plan,White House,TN,37188,479900,3,2.5,White House,2410,,,125,199,,Active,,,https://www.redfin.com/TN/White-House/White-House/Pierce/home/188268769,Zillow,C8DF57CD469B,N,Y,36.4528175,-86.6464203
New Construction Plan,,Single Family Residential,Hazel Plan,Goodlettsville,TN,37072,424990,5,3.0,Goodlettsville,2540,,,125,167,,Active,,,https://www.redfin.com/TN/Goodlettsville/Goodlettsville/Hazel/home/188411536,Zillow,3F3A9B4AA75E,N,Y,36.415288,-86.7120517
New Construction Plan,,Single Family Residential,Audubon Plan,Gallatin,TN,37066,457900,3,2.0,Gallatin,1694,,,125,270,,Active,,,https://www.redfin.com/TN/Gallatin/Gallatin/Audubon/home/188305393,Zillow,FF682CB842D9,N,Y,36.3652263,-86.5336974
New Construction Plan,,Single Family Residential,Russell Plan,Hendersonville,TN,37075,537900,5,3.0,Hendersonville,2606,,,125,206,,Active,,,https://www.redfin.com/TN/Hendersonville/Hendersonville/Russell/home/188426496,Zillow,3E54980F30CA,N,Y,36.3511584,-86.5845662
New Construction Plan,,Single Family Residential,Mercer Plan,Hendersonville,TN,37075,568990,3,2.5,Hendersonville,2579,,,125,221,,Active,,,https://www.redfin.com/TN/Hendersonville/Hendersonville/Mercer/home/188307071,Zillow,42776197CC89,N,Y,36.3583032,-86.5846056
New Construction Plan,,Single Family Residential,Titus Plan,Gallatin,TN,37066,435990,4,2.5,Gallatin,2364,,,125,184,,Active,,,https://www.redfin.com/TN/Gallatin/Gallatin/Titus/home/188287411,Zillow,36459DB9531B,N,Y,36.4084857,-86.4610625
New Construction Plan,,Single Family Residential,Cavalier Plan,Gallatin,TN,37066,398990,3,2.0,Gallatin,1868,,,125,214,,Active,,,https://www.redfin.com/TN/Gallatin/Gallatin/Cavalier/home/188287851,Zillow,8960C594144A,N,Y,36.4084857,-86.4610625
New Construction Plan,,Single Family Residential,Gladstone Plan,Gallatin,TN,37066,462990,4,3.5,Gallatin,2870,,,125,161,,Active,,,https://www.redfin.com/TN/Gallatin/Gallatin/Gladstone/home/188302051,Zillow,E22CD9DF0AA8,N,Y,36.4085678,-86.461261
New Construction Plan,,Single Family Residential,Birch Plan,Goodlettsville,TN,37072,359990,4,2.5,Goodlettsville,1680,,,125,214,,Active,,,https://www.redfin.com/TN/Goodlettsville/Goodlettsville/Birch/home/188420632,Zillow,BF81033A35AC,N,Y,36.415288,-86.7120517
New Construction Plan,,Single Family Residential,Katherine Plan,Gallatin,TN,37066,999900,4,3.5,Gallatin,3990,,,125,251,,Active,,,https://www.redfin.com/TN/Gallatin/Gallatin/Katherine/home/188420823,Zillow,D7F4319DB817,N,Y,36.331681,-86.536866
New Construction Plan,,Single Family Residential,Foxfield Plan,Hendersonville,TN,37075,600000,3,2.5,Hendersonville,2564,,,125,234,,Active,,,https://www.redfin.com/TN/Hendersonville/Hendersonville/Foxfield/home/188275350,Zillow,501237879586,N,Y,36.3631555,-86.592315
New Construction Plan,,Single Family Residential,Furman Plan,Hendersonville,TN,37075,689990,4,2.5,Hendersonville,2816,,,125,245,,Active,,,https://www.redfin.com/TN/Hendersonville/Hendersonville/Furman/home/188276184,Zillow,44A83B91ADA9,N,Y,36.3631555,-86.592315
New Construction Plan,,Single Family Residential,Braxton Plan,White House,TN,37188,527900,4,3.0,White House,3043,,,125,173,,Active,,,https://www.redfin.com/TN/White-House/White-House/Braxton/home/188269155,Zillow,7F34A80D506A,N,Y,36.4528175,-86.6464203
New Construction Plan,,Single Family Residential,Audubon Plan,Hendersonville,TN,37075,502900,3,2.0,Hendersonville,1694,,,125,297,,Active,,,https://www.redfin.com/TN/Hendersonville/Hendersonville/Audubon/home/188418417,Zillow,6B3C348A3C2F,N,Y,36.3511584,-86.5845662
New Construction Plan,,Single Family Residential,Jefferson Plan,White House,TN,37188,543900,4,3.5,White House,3310,,,125,164,,Active,,,https://www.redfin.com/TN/White-House/White-House/Jefferson/home/188300803,Zillow,99252BC122C4,N,Y,36.4528175,-86.6464203
New Construction Plan,,Single Family Residential,Rockwell Plan,Hendersonville,TN,37075,568900,4,2.5,Hendersonville,2582,,,125,220,,Active,,,https://www.redfin.com/TN/Hendersonville/Hendersonville/Rockwell/home/188424466,Zillow,5FC8FF518882,N,Y,36.3511584,-86.5845662
New Construction Plan,,Single Family Residential,Whitfield Plan,Gallatin,TN,37066,388990,2,2.0,Gallatin,1638,,,125,237,,Active,,,https://www.redfin.com/TN/Gallatin/Gallatin/Whitfield/home/188286032,Zillow,BDD6677A7086,N,Y,36.4084857,-86.4610625
New Construction Plan,,Single Family Residential,Bierstadt Plan,Gallatin,TN,37066,509900,3,2.0,Gallatin,2414,,,125,211,,Active,,,https://www.redfin.com/TN/Gallatin/Gallatin/Bierstadt/home/188308278,Zillow,74EC4788F359,N,Y,36.3652263,-86.5336974
New Construction Plan,,Single Family Residential,Boxwell Plan,Gallatin,TN,37066,425990,4,2.5,Gallatin,2443,,,125,174,,Active,,,https://www.redfin.com/TN/Gallatin/Gallatin/Boxwell/home/188307198,Zillow,379D1E7C91F3,N,Y,36.4085678,-86.461261
New Construction Plan,,Single Family Residential,Rushmore Plan,Hendersonville,TN,37075,602900,5,3.5,Hendersonville,3432,,,125,176,,Active,,,https://www.redfin.com/TN/Hendersonville/Hendersonville/Rushmore/home/188412987,Zillow,A2F186311D8A,N,Y,36.3511584,-86.5845662
New Construction Plan,,Single Family Residential,White Oak Plan,Gallatin,TN,37066,413990,3,2.5,Gallatin,2172,,,125,191,,Active,,,https://www.redfin.com/TN/Gallatin/Gallatin/White-Oak/home/188288272,Zillow,227905F1131E,N,Y,36.4084857,-86.4610625
New Construction Plan,,Single Family Residential,Riverview Plan,Hendersonville,TN,37075,716990,4,3.5,Hendersonville,3177,,,125,226,,Active,,,https://www.redfin.com/TN/Hendersonville/Hendersonville/Riverview/home/188275669,Zillow,1DEF6C50085C,N,Y,36.3631555,-86.592315
New Construction Plan,,Single Family Residential,Rosemary Plan,White House,TN,37188,511990,4,2.5,White House,2575,,,125,199,,Active,,,https://www.redfin.com/TN/White-House/White-House/Rosemary/home/188272593,Zillow,5C0B2D45B3FF,N,Y,36.4480194,-86.6455417
New Construction Plan,,Single Family Residential,Franklin Plan,White House,TN,37188,503900,5,3.0,White House,3069,,,125,164,,Active,,,https://www.redfin.com/TN/White-House/White-House/Franklin/home/188269352,Zillow,E3B5B739CD87,N,Y,36.4528175,-86.6464203
New Construction Plan,,Single Family Residential,Rockwell Plan,Gallatin,TN,37066,524900,4,2.5,Gallatin,2582,,,125,203,,Active,,,https://www.redfin.com/TN/Gallatin/Gallatin/Rockwell/home/188300377,Zillow,13D726AA4E0E,N,Y,36.3652263,-86.5336974
New Construction Plan,,Single Family Residential,Rutledge Plan,White House,TN,37188,515900,5,4.5,White House,3004,,,125,172,,Active,,,https://www.redfin.com/TN/White-House/White-House/Rutledge/home/188268862,Zillow,723C80E7311D,N,Y,36.4528175,-86.6464203
New Construction Plan,,Single Family Residential,Rushmore Plan,Gallatin,TN,37066,560900,5,3.5,Gallatin,3432,,,125,163,,Active,,,https://www.redfin.com/TN/Gallatin/Gallatin/Rushmore/home/188281819,Zillow,ED57A6B0EEE5,N,Y,36.3652263,-86.5336974
New Construction Plan,,Single Family Residential,Adams Plan,White House,TN,37188,474900,3,2.0,White House,2264,,,125,210,,Active,,,https://www.redfin.com/TN/White-House/White-House/Adams/home/188267155,Zillow,0005F2C2FDE7,N,Y,36.4528175,-86.6464203
New Construction Plan,,Single Family Residential,Northridge Plan,Hendersonville,TN,37075,692990,4,2.5,Hendersonville,2970,,,125,233,,Active,,,https://www.redfin.com/TN/Hendersonville/Hendersonville/Northridge/home/188276080,Zillow,0B62CDC28329,N,Y,36.3631555,-86.592315
New Construction Plan,,Single Family Residential,Stamford Plan,Gallatin,TN,37066,511900,4,3.0,Gallatin,2732,,,125,187,,Active,,,https://www.redfin.com/TN/Gallatin/Gallatin/Stamford/home/188305318,Zillow,EE31A3F2E198,N,Y,36.3652263,-86.5336974
New Construction Plan,,Single Family Residential,Ginger Plan,Gallatin,TN,37066,431990,3,2.0,Gallatin,2117,,,125,204,,Active,,,https://www.redfin.com/TN/Gallatin/Gallatin/Ginger/home/188302075,Zillow,30B9AC268DB1,N,Y,36.4085678,-86.461261
New Construction Plan,,Single Family Residential,Kingston Plan,White House,TN,37188,518990,5,3.5,White House,2769,,,125,187,,Active,,,https://www.redfin.com/TN/White-House/White-House/Kingston/home/188272265,Zillow,17A3D5E73433,N,Y,36.4480194,-86.6455417
New Construction Plan,,Single Family Residential,Winslow Plan,Gallatin,TN,37066,510900,4,3.0,Gallatin,2634,,,125,194,,Active,,,https://www.redfin.com/TN/Gallatin/Gallatin/Winslow/home/188305449,Zillow,D39727427EC1,N,Y,36.3652263,-86.5336974
New Construction Plan,,Single Family Residential,Drummond Plan,Gallatin,TN,37066,484990,4,3.5,Gallatin,3058,,,125,159,,Active,,,https://www.redfin.com/TN/Gallatin/Gallatin/Drummond/home/188294859,Zillow,38AE42FAB3F3,N,Y,36.4085678,-86.461261
New Construction Plan,,Single Family Residential,Albright with Bonus Room Plan,Gallatin,TN,37066,450900,3,2.0,Gallatin,1760,,,125,256,,Active,,,https://www.redfin.com/TN/Gallatin/Gallatin/Albright-with-Bonus-Room/home/188308290,Zillow,E57BC7DBCCED,N,Y,36.3652263,-86.5336974
New Construction Plan,,Single Family Residential,Spruce Plan,Goodlettsville,TN,37072,344990,3,2.0,Goodlettsville,1296,,,125,266,,Active,,,https://www.redfin.com/TN/Goodlettsville/Goodlettsville/Spruce/home/188390939,Zillow,B2CA95F1CD4F,N,Y,36.415288,-86.7120517
New Construction Plan,,Single Family Residential,Mayflower Plan,White House,TN,37188,503990,4,3.0,White House,2476,,,125,204,,Active,,,https://www.redfin.com/TN/White-House/White-House/Mayflower/home/188273383,Zillow,BCA703B55204,N,Y,36.4480194,-86.6455417
New Construction Plan,,Single Family Residential,Clippard Plan,Gallatin,TN,37066,423990,3,2.0,Gallatin,2193,,,125,193,,Active,,,https://www.redfin.com/TN/Gallatin/Gallatin/Clippard/home/188300512,Zillow,7E3DA6C9EF39,N,Y,36.4085678,-86.461261
New Construction Plan,,Single Family Residential,Stamford Plan,Hendersonville,TN,37075,552900,4,3.0,Hendersonville,2732,,,125,202,,Active,,,https://www.redfin.com/TN/Hendersonville/Hendersonville/Stamford/home/188387989,Zillow,E37C5D91AF20,N,Y,36.3511584,-86.5845662
New Construction Plan,,Single Family Residential,Percy Plan,Gallatin,TN,37066,420990,3,2.5,Gallatin,2340,,,125,180,,Active,,,https://www.redfin.com/TN/Gallatin/Gallatin/Percy/home/188284193,Zillow,10F762D2EDC5,N,Y,36.4084857,-86.4610625
New Construction Plan,,Single Family Residential,Continental Plan,Hendersonville,TN,37075,598990,4,2.5,Hendersonville,2869,,,125,209,,Active,,,https://www.redfin.com/TN/Hendersonville/Hendersonville/Continental/home/188304867,Zillow,5DCF1A6EAFCE,N,Y,36.3583032,-86.5846056
New Construction Plan,,Single Family Residential,Cedar Plan,Goodlettsville,TN,37072,380990,4,2.5,Goodlettsville,1903,,,125,200,,Active,,,https://www.redfin.com/TN/Goodlettsville/Goodlettsville/Cedar/home/188382889,Zillow,36428745B8E7,N,Y,36.415288,-86.7120517
New Construction Plan,,Single Family Residential,Rowen Plan,Hendersonville,TN,37075,570900,4,2.5,Hendersonville,2944,,,125,194,,Active,,,https://www.redfin.com/TN/Hendersonville/Hendersonville/Rowen/home/188380203,Zillow,476307753922,N,Y,36.3511584,-86.5845662
New Construction Plan,,Single Family Residential,Russell Plan,Gallatin,TN,37066,509900,5,3.0,Gallatin,2606,,,125,196,,Active,,,https://www.redfin.com/TN/Gallatin/Gallatin/Russell/home/188284823,Zillow,0CC64DFD0CCD,N,Y,36.3652263,-86.5336974
New Construction Plan,,Single Family Residential,Bierstadt Plan,Hendersonville,TN,37075,552900,3,2.0,Hendersonville,2414,,,125,229,,Active,,,https://www.redfin.com/TN/Hendersonville/Hendersonville/Bierstadt/home/188375994,Zillow,7619D545CBDA,N,Y,36.3511584,-86.5845662
New Construction Plan,,Single Family Residential,Harrison Plan,Gallatin,TN,37066,494990,4,2.0,Gallatin,2405,,,131,206,,Active,,,https://www.redfin.com/TN/Gallatin/Gallatin/Harrison/home/188256718,Zillow,FBEE6151CD67,N,Y,36.389157,-86.548211
New Construction Plan,,Single Family Residential,Armstrong Plan,Gallatin,TN,37066,502990,4,2.0,Gallatin,2586,,,131,195,,Active,,,https://www.redfin.com/TN/Gallatin/Gallatin/Armstrong/home/188256628,Zillow,60BD072D8F30,N,Y,36.389157,-86.548211
New Construction Plan,,Single Family Residential,Donley Plan,Gallatin,TN,37066,489990,4,2.0,Gallatin,2263,,,131,217,,Active,,,https://www.redfin.com/TN/Gallatin/Gallatin/Donley/home/188260131,Zillow,A3643257AEB5,N,Y,36.389157,-86.548211
New Construction Plan,,Single Family Residential,Whitley Plan,Gallatin,TN,37066,519990,4,2.0,Gallatin,2744,,,131,190,,Active,,,https://www.redfin.com/TN/Gallatin/Gallatin/Whitley/home/188259642,Zillow,BDA96FCFA6A6,N,Y,36.389157,-86.548211
New Construction Plan,,Single Family Residential,BELFORT Plan,Gallatin,TN,37066,434990,4,2.5,Gallatin,2267,,,132,192,,Active,,,https://www.redfin.com/TN/Gallatin/Gallatin/BELFORT/home/188248323,Zillow,716BAE44C7ED,N,Y,36.4080464,-86.461244
New Construction Plan,,Single Family Residential,HAYDEN Plan,Gallatin,TN,37066,449990,5,3.0,Gallatin,2511,,,132,179,,Active,,,https://www.redfin.com/TN/Gallatin/Gallatin/HAYDEN/home/188247314,Zillow,E681047F4573,N,Y,36.4080464,-86.461244
New Construction Plan,,Single Family Residential,ARIA Plan,Gallatin,TN,37066,389990,3,2.0,Gallatin,1618,,,132,241,,Active,,,https://www.redfin.com/TN/Gallatin/Gallatin/ARIA/home/188246376,Zillow,83E80FB5213F,N,Y,36.4080464,-86.461244
New Construction Plan,,Single Family Residential,CABRAL Plan,Gallatin,TN,37066,374990,3,2.5,Gallatin,1634,,,132,229,,Active,,,https://www.redfin.com/TN/Gallatin/Gallatin/CABRAL/home/188245989,Zillow,0861D3A958A3,N,Y,36.4080464,-86.461244
New Construction Plan,,Single Family Residential,EDMON Plan,Gallatin,TN,37066,384990,4,2.5,Gallatin,1821,,,132,211,,Active,,,https://www.redfin.com/TN/Gallatin/Gallatin/EDMON/home/188245037,Zillow,571F04E04A07,N,Y,36.4080464,-86.461244
New Construction Plan,,Single Family Residential,ALLEX Plan,Gallatin,TN,37066,364990,3,2.0,Gallatin,1459,,,132,250,,Active,,,https://www.redfin.com/TN/Gallatin/Gallatin/ALLEX/home/188244912,Zillow,CCD7D34BBB5E,N,Y,36.4080464,-86.461244
New Construction Plan,,Single Family Residential,CALI Plan,Gallatin,TN,37066,399990,4,2.0,Gallatin,1774,,,132,225,,Active,,,https://www.redfin.com/TN/Gallatin/Gallatin/CALI/home/188244749,Zillow,DB5C283FD9BC,N,Y,36.4080464,-86.461244
New Construction Plan,,Single Family Residential,SALEM Plan,Gallatin,TN,37066,459990,4,2.5,Gallatin,2618,,,132,176,,Active,,,https://www.redfin.com/TN/Gallatin/Gallatin/SALEM/home/188244226,Zillow,99BC1A934CC3,N,Y,36.4080464,-86.461244
New Construction Plan,,Single Family Residential,DARWIN Plan,Gallatin,TN,37066,379990,3,2.5,Gallatin,1749,,,132,217,,Active,,,https://www.redfin.com/TN/Gallatin/Gallatin/DARWIN/home/188244183,Zillow,914716DD4E32,N,Y,36.4080464,-86.461244
